"GEOID","NAME","GrossRentE","GrossRentM","MedianMontlyCostOwnerE","MedianMontlyCostOwnerM","MedianValueOwnerE","MedianValueOwnerM","UpperQuartileValueE","UpperQuartileValueM","LowerQuartileValueE","LowerQuartileValueM","ForRentE","ForRentM","RenderNotOccupiedE","RenderNotOccupiedM","MedianEarningsE","MedianEarningsM","PercentHouseholdsBuildPre1940E","PercentHouseholdsBuildPre1940M","OwnerCostOver35PIncomeE","OwnerCostOver35PIncomeM","OwnerCost30_35PIncomeE","OwnerCost30_35PIncomeM","RenterCostOver35PIncomeE","RenterCostOver35PIncomeM","RenterCost30_35PIncomeE","RenterCost30_35PIncomeM","HomeOwnerShipRateE","HomeOwnerShipRateM","MultiFam2UnitsE","MultiFam2UnitsM","MUltiFam3_4UnitsE","MUltiFam3_4UnitsM","MultiFam5_9UnitsE","MultiFam5_9UnitsM","MultiFam10_19UnitsE","MultiFam10_19UnitsM","MultiFam20UnitsE","MultiFam20UnitsM","OccupiedHousingUnitsE","OccupiedHousingUnitsM","RenterOCCUPIEDE","RenterOCCUPIEDM"
"19001","Adair County, Iowa",575,54,729,49,111100,5490,170600,11146,72300,4803,54,36,0,14,44707,2299,35.6,3.8,7.8,2.8,1.3,0.9,21.8,6.1,8.5,6.3,69.9,3,2.8,1.5,2.5,1.3,1.3,0.9,0,0.6,0.6,0.7,3217,121,967,111
"19003","Adams County, Iowa",679,78,649,62,81400,6443,175100,22352,47000,4844,5,8,0,10,40391,1590,46.6,4.3,10.8,5,2.4,2.1,8,6,11.2,7.4,80.8,3.8,1.5,1.2,1.3,0.8,0,1.1,0,1.1,1.3,0.9,1627,93,312,71
"19005","Allamakee County, Iowa",629,39,681,67,133400,12149,227500,17647,79000,5612,99,62,41,49,43412,1581,29.2,3.3,7.9,2.5,3.3,1.9,31.6,9.1,11,6.2,80.1,2.5,3.6,1.3,2,0.9,0.8,0.7,0.1,0.1,2.5,0.9,5947,207,1183,163
"19007","Appanoose County, Iowa",661,42,636,48,85000,5907,153900,13602,48600,4797,174,101,92,89,41750,1954,35.6,3.7,12.2,4,2.9,1.4,38.4,9.7,12.1,6.1,72.4,3.1,3,1.5,3.2,1.7,3,1.3,0,0.1,2.5,0.8,5196,214,1434,180
"19009","Audubon County, Iowa",606,50,557,33,84300,5317,155800,8440,51300,4510,59,40,0,14,39713,1905,42.3,4.2,3.7,1.6,1.7,1.1,31.1,11.1,11.4,7.2,75,3.6,1.1,0.7,2.1,1,0,0.7,0,0.7,0.5,0.4,2691,99,672,101
"19011","Benton County, Iowa",695,63,974,44,158700,6751,239600,8902,102100,4590,76,51,77,84,48582,1384,32.3,2.5,15.6,5.1,1.4,1.2,23.1,6.3,17.6,6,81.8,2.3,1,0.4,1,0.4,0.8,0.5,0,0.2,1.8,0.5,10306,218,1873,242
"19013","Black Hawk County, Iowa",818,20,890,24,150200,3342,224900,7020,96300,3022,975,248,427,136,44073,1226,19,1.1,7.7,1.4,2.2,1.2,38,2.4,11.4,1.8,65.6,1.1,3.3,0.6,4.2,0.7,6,0.6,0.1,0.1,2.8,0.6,53321,508,18331,638
"19015","Boone County, Iowa",747,40,947,46,141000,7092,229200,13503,96700,8811,213,137,94,89,45254,2909,37.3,2.7,8.8,2.4,3.7,3,22.8,4.6,12.5,5.2,78.2,2.3,2.7,1,2.4,0.9,5.6,1.5,0,0.2,1.5,0.5,10801,272,2357,280
"19017","Bremer County, Iowa",677,75,913,45,169000,6165,262200,9585,113700,4646,156,99,46,48,52612,1460,31.6,2.4,7.2,1.8,1.2,0.9,28.6,6.4,10.7,4,83.1,1.7,1.4,0.6,1.5,0.7,4,1.2,0,0.2,3.4,1.2,9680,195,1634,172
"19019","Buchanan County, Iowa",691,53,801,56,143200,5422,211300,13049,95000,6996,222,112,26,27,44246,2173,27.6,2.4,6.1,2.1,1.6,0.9,26,6.4,5.3,2.3,80,2.2,2.2,1,1.1,0.6,1.7,0.9,0,0.1,2.9,0.8,8027,214,1605,179
"19021","Buena Vista County, Iowa",706,32,694,66,120300,7363,184300,8352,76500,9676,240,116,0,16,39008,2282,28.8,3.1,6.4,1.9,0.8,0.5,22.3,7.7,15.5,5,64.5,3,3.3,2.6,4.5,2,5.6,1.8,0,0.3,1.8,1.2,7584,147,2691,242
"19023","Butler County, Iowa",628,58,733,29,120100,4978,190000,16417,80800,2722,169,58,29,35,45462,1628,39.2,2.5,9.7,2.7,1.8,1.1,31.6,6.1,8.6,3.6,77.3,2.1,2,0.8,1.7,0.7,0.8,0.5,0,0.3,0.7,0.5,6153,126,1397,138
"19025","Calhoun County, Iowa",591,27,581,27,85600,3123,163000,10925,56300,4667,81,39,16,18,42912,2735,33.1,3,3.6,1.4,1.4,0.7,30.2,6.2,12.1,4.5,78.7,2.4,1.4,0.7,2.7,0.9,2.7,0.6,0.6,0.8,1.2,0.9,4103,189,874,115
"19027","Carroll County, Iowa",610,35,707,47,138700,7274,220500,11312,89900,3963,208,106,23,28,44034,2035,27.1,2.3,6.1,2,2.3,1.5,28.8,6.2,13.7,5.5,76.2,2.7,1.5,0.7,2.8,1.1,3,0.9,0,0.2,1.2,0.4,8651,257,2061,250
"19029","Cass County, Iowa",633,51,691,50,107200,10451,183800,9359,70700,4134,179,114,16,20,42967,1935,41.2,3.4,10.9,4.4,1.3,0.9,25.3,8,13.5,5.9,72.7,2.9,4.3,1.7,2.6,1.1,3.1,1.3,0,0.3,0.4,0.4,5901,165,1612,189
"19031","Cedar County, Iowa",700,53,958,53,163100,6151,245000,15112,104200,6085,147,73,6,15,47595,2075,38.1,2.9,8.6,3.1,5.2,2.4,22.3,6.2,8.7,3.1,80.4,2,2,0.7,3.1,1,0.2,0.2,0.3,0.4,2.9,1.1,7472,179,1464,155
"19033","Cerro Gordo County, Iowa",711,22,796,34,130400,4832,223600,9026,83100,2728,270,144,21,25,47090,2456,30.4,2,7.7,2.9,2.8,1.1,26.9,4.6,14.8,3.9,69.6,1.9,2.6,0.8,4.3,1,5.8,0.9,0,0.1,0.9,0.4,19452,428,5918,409
"19035","Cherokee County, Iowa",536,19,633,46,117400,13089,190400,14664,66000,6050,18,20,12,13,45631,2068,38.3,3.7,4.9,2.2,1.6,1,24.1,10.5,16.6,8.4,73.7,3.4,1.5,1.2,0.9,0.7,3.8,1.8,0,0.4,1.3,0.9,5297,147,1391,196
"19037","Chickasaw County, Iowa",638,58,712,50,122000,7814,195900,14069,80700,3398,87,54,22,24,44422,2507,33.8,2.8,6.2,2.3,2.6,1.4,24,9.1,8.3,6.5,82.1,2.6,1.2,0.8,2.3,1.1,0.6,0.3,0,0.4,0.8,0.8,5107,141,916,139
"19039","Clarke County, Iowa",601,157,843,102,115400,14580,198400,38937,71100,7511,38,61,33,43,42898,4219,29.7,5,7.2,3.8,4.3,3.5,44.6,10.5,5,4.5,69.3,4.8,3.6,2.5,2.8,2.3,1.3,1.3,2.1,1.3,1.4,1.6,3950,152,1214,199
"19041","Clay County, Iowa",693,37,838,49,129700,13250,210300,16584,85500,4654,214,152,0,16,43562,2270,28.6,4.1,13.4,5.6,5.5,3.7,30.9,7.8,18.2,6.9,67.5,3.2,2.6,1.6,6.6,2.4,3.4,1.5,0,0.3,1.5,0.8,7381,261,2398,263
"19043","Clayton County, Iowa",656,36,713,45,131600,8443,198500,13548,79700,4169,154,66,4,7,42536,1588,36.8,2.2,12,4.1,2.1,1,24,4.9,9.6,3.7,73.4,2.5,4.2,0.8,2,0.6,2,0.5,0.2,0.2,1.2,0.6,7563,215,2013,196
"19045","Clinton County, Iowa",659,30,848,33,120200,3769,174500,6127,78700,2777,504,159,192,131,45065,1547,34.9,1.9,9.5,2.5,2.9,1.2,38.4,4.8,12.7,4.6,74.1,1.8,2.5,0.8,3.1,0.9,5.3,0.8,0,0.1,1.6,0.7,19477,368,5036,378
"19047","Crawford County, Iowa",643,28,689,47,101100,9906,179200,23602,61200,6840,66,66,12,13,41415,1455,40.1,3.8,6,2.2,1.9,1.4,35.3,8.4,6.7,4.4,69.4,4.2,4.7,2.3,1.7,1.4,1.5,1.3,0.2,0.3,0.9,0.7,6388,149,1955,271
"19049","Dallas County, Iowa",1064,36,1444,56,258300,8948,383400,9076,157200,6242,822,431,158,114,63700,1897,10,1,7.6,2.7,2.5,1.4,30.3,4.7,10.5,2.7,72.2,1.6,0.9,0.3,2.9,0.7,11.2,1.4,0.2,0.2,17.5,1.6,35383,446,9833,579
"19051","Davis County, Iowa",722,44,872,110,117900,4976,180500,29111,85100,4964,44,36,0,14,48019,4137,28.7,3.8,7.6,3.6,7.7,4.1,18.5,8.9,13.1,7.3,84.6,3.4,0.9,0.7,1.7,0.9,0.1,0.2,0,0.6,3.2,1.8,3182,130,489,115
"19053","Decatur County, Iowa",568,44,758,55,82800,6203,168300,20209,52900,5925,57,28,29,29,41916,3863,32.4,3.5,13.3,4.4,3.2,1.5,32.4,6.6,4.1,2.7,64.6,3.4,1.4,1,3.3,1.3,3.4,1.3,0,0.6,1.4,0.9,3242,120,1147,132
"19055","Delaware County, Iowa",621,44,838,60,141300,8829,227900,13297,89800,4904,15,20,4,6,45718,2372,31.8,3.3,9.2,3.4,3.9,2,26.2,8.8,12.1,6.5,82.9,3.1,0.8,0.4,1.3,0.8,2.5,1.1,0,0.3,1.1,0.6,6915,209,1180,231
"19057","Des Moines County, Iowa",808,35,794,39,111600,8116,183200,8064,71300,3376,287,135,27,35,41743,1384,37.6,2.6,8.9,2.3,2.6,1.3,48.4,5.4,8.8,2.6,69.7,2.3,2.4,0.7,2.4,0.8,3.5,0.8,0.2,0.3,2.9,1.1,16850,296,5111,433
"19059","Dickinson County, Iowa",833,43,886,51,199800,13276,323300,23230,118100,7190,15,14,10,14,45247,3268,16.7,1.8,9.3,4,2.4,1.6,44.9,7.5,7.2,3.5,77.9,2.7,1.2,0.6,5.6,1.3,3.7,0.9,0.3,0.5,4.7,1.4,8479,266,1877,248
"19061","Dubuque County, Iowa",802,28,991,31,175300,3943,267100,5977,120000,2636,891,243,85,57,47251,1167,24.1,1.2,8,1.5,3.1,0.9,36.1,3.5,9.7,2.1,73.4,1.2,3.8,0.7,3.9,0.5,6.2,0.8,0,0.1,2.3,0.5,38655,410,10273,481
"19063","Emmet County, Iowa",637,40,697,65,90000,6001,147300,11630,61000,5311,66,86,27,42,40096,2816,32.8,4.1,6.3,3.1,3.6,2.5,26.5,9.4,9.9,7.2,78.8,3,2,1.5,1.7,1,2.3,1.2,0,0.5,1.4,1.1,4023,181,851,136
"19065","Fayette County, Iowa",645,35,703,33,106200,5002,175800,8715,63700,4717,283,112,60,53,41250,1252,38.3,2.9,10.5,2.4,5,2.3,37.4,7.1,8.6,3.6,74.2,2.1,2.1,0.8,2.1,0.5,1.5,0.5,0,0.2,1.3,0.6,8215,175,2121,184
"19067","Floyd County, Iowa",537,30,748,47,107700,7380,174800,10970,76700,3051,53,29,29,31,43431,3039,38.5,3.4,2.2,1.3,2.6,1.9,30.8,8.3,13.3,5.4,73.2,3.4,2.3,1.5,4.5,1.9,1.9,1.2,0,0.3,0.7,0.4,6899,217,1848,271
"19069","Franklin County, Iowa",647,89,559,40,93200,8321,164700,13263,64000,5922,59,56,2,4,47176,2950,37.3,3.8,6.1,3,1,0.9,29.7,8.3,6.5,4,70.5,3.7,2.8,1.6,1.2,1,1.2,0.9,0,0.5,0.6,0.5,4195,162,1239,165
"19071","Fremont County, Iowa",640,61,699,65,113200,8013,202400,20360,69600,5870,22,18,0,14,44444,4025,37.9,3.2,9.2,3.8,2.3,1.5,21,6.1,7.8,4,76.7,3.3,0.8,0.6,1.8,0.9,0.2,0.3,0.1,0.2,1.7,0.9,2952,95,688,105
"19073","Greene County, Iowa",693,106,688,55,93500,6362,165900,8647,61300,6444,33,44,25,38,41531,1397,40.8,4,7.9,2.9,0.1,0.3,31.6,7.6,8.3,4.8,72.9,3.2,1,0.8,4.4,1.8,2.2,1.1,0,0.5,0.7,0.6,4037,124,1095,144
"19075","Grundy County, Iowa",698,42,827,42,138100,8555,205000,12966,86800,3490,74,50,0,16,47976,2075,35.6,2.8,8.6,2.3,2.6,1.6,22.3,6,11.5,4.5,82,1.8,0.8,0.6,1.8,0.6,0.9,0.5,0,0.4,1.1,0.5,5164,109,928,100
"19077","Guthrie County, Iowa",704,42,788,38,129000,13637,224100,13661,72800,4374,138,69,14,15,47907,2636,35.2,2.7,10.4,3,2.9,2.3,28.8,7.3,12.6,4.7,81.3,2.3,1.6,0.9,3.3,0.9,0.3,0.3,0,0.4,3,1.5,4478,164,839,112
"19079","Hamilton County, Iowa",762,48,785,44,105200,6408,169700,11369,72000,4737,218,118,8,10,48907,2075,38.7,3.5,9.3,4.5,1.1,0.7,25.8,8.6,8.4,5,74.6,3.3,1.5,0.9,3.4,1.9,4.9,1.6,0,0.3,1,0.6,6122,232,1553,213
"19081","Hancock County, Iowa",755,123,674,49,100900,7420,170200,5939,63400,4064,39,37,31,28,45518,1510,32.2,3.1,6.7,2.1,1.4,1.2,35.6,10,9.9,7,79.5,2.8,0,0.4,1.6,0.8,2.7,0.9,0,0.4,1,0.8,4787,127,981,139
"19083","Hardin County, Iowa",693,37,677,35,95100,4696,153900,7368,58200,3498,140,78,8,10,41917,1199,40.4,2.7,7.9,2.5,3,1.5,35,6,8.2,2.9,74.1,2.8,3.3,1.1,2.3,1,1.5,0.8,0.1,0.1,0.4,0.4,7185,194,1863,213
"19085","Harrison County, Iowa",729,28,794,36,124000,6672,192800,9462,75700,3019,52,32,12,15,47191,2114,45.3,3.2,8.4,2.5,1.2,0.8,28.5,5.6,10.4,3.6,73.8,2.5,2.2,0.9,1.6,0.7,2,0.6,0,0.3,1,0.5,6094,154,1599,167
"19087","Henry County, Iowa",665,26,802,32,118500,6109,185400,9378,82500,3413,173,100,66,66,41626,2388,35.2,3,5.2,1.8,3.9,2.4,24.4,7.1,16.3,4.9,72.9,3,3.7,1.2,2,0.9,1.8,0.7,0.1,0.1,1.3,0.7,7591,200,2055,250
"19089","Howard County, Iowa",660,71,738,36,105800,8894,171600,11519,70300,3619,81,60,4,8,41598,2541,40.7,3.5,7.1,2.8,2.7,1.9,28.5,9.8,12.7,8.3,77.2,3.7,0.3,0.3,0.2,0.2,0.5,0.5,0,0.5,1.3,0.9,3754,175,856,151
"19091","Humboldt County, Iowa",586,38,649,52,109200,7828,171000,9715,69200,5468,71,53,0,14,46786,3233,35.6,3,9.4,4.9,4.2,2.2,21.6,7.4,14.3,6.9,74.9,2.8,1.8,1.2,3.2,1.5,0.6,0.4,0,0.5,0.9,0.6,4195,133,1055,128
"19093","Ida County, Iowa",562,35,594,45,102400,8998,171400,11430,61800,6796,119,70,0,14,42097,1239,43.3,3.8,3.6,1.6,0.5,0.5,25,10.8,16.2,7,75.6,3,2.6,1.6,2.5,1.1,2.2,1.7,0,0.6,0.8,0.5,2972,117,724,102
"19095","Iowa County, Iowa",615,57,950,54,156000,6510,227300,20694,94500,6486,171,103,0,16,47138,2381,30.8,2.7,8.8,3.3,3.5,2.4,24.6,6.9,9.9,4.1,80.4,2.8,2.7,1.1,4.1,1.6,1.5,0.7,0,0.3,1.1,0.7,6646,172,1304,195
"19097","Jackson County, Iowa",616,38,727,54,127600,9290,218600,12336,79700,4721,89,63,42,50,46956,2341,29.4,2.6,9.8,2.9,1.4,1,30.3,7.8,10.2,3.8,80.9,2.3,2,0.8,1.2,0.6,1.1,0.6,0,0.1,1.9,0.9,8183,234,1564,196
"19099","Jasper County, Iowa",734,31,862,45,137200,4821,208900,13396,88600,4202,289,161,17,20,47223,2016,24.7,2,7.8,2.6,3.6,2.3,34.7,6.3,11.3,3.6,74.8,2.3,1.3,0.7,2.1,0.6,3.8,1,0,0.1,2.1,0.7,14644,361,3694,377
"19101","Jefferson County, Iowa",756,101,741,52,120600,10186,193700,27129,73900,6592,15,14,61,84,37932,4754,28.2,3.7,7.7,3.7,6,3.9,42,7.9,8.5,5.1,69.6,3.5,2.8,1.4,1.2,1,3.2,1.4,0,0.3,0.9,0.6,6855,254,2084,261
"19103","Johnson County, Iowa",984,29,1266,47,238600,5238,354700,9399,166700,5184,1483,402,733,251,52221,1167,11.2,0.9,6.7,1.7,2.7,1.3,49.9,2.4,9.4,1.6,58.6,1.3,2.7,0.6,7.4,0.9,10.3,1,0.1,0.1,8.7,0.8,60430,766,25018,949
"19105","Jones County, Iowa",659,43,868,66,140000,8217,218700,14306,87900,4833,142,117,5,8,45755,2510,31.4,3,6.9,3.2,1.7,1,31.4,9.7,13.5,6.4,78.6,2.9,3,1.2,1.1,0.7,1.3,0.7,0.1,0.2,2,1.1,8186,235,1753,255
"19107","Keokuk County, Iowa",711,36,742,40,95800,5878,167900,9163,60900,3585,54,40,8,13,42617,1687,46.6,3.1,13,4.4,3.3,1.6,39.6,8.2,12.7,6,78.3,2.6,2,1.1,1.7,0.8,0.5,0.6,0,0.5,1.2,0.5,4330,100,941,115
"19109","Kossuth County, Iowa",710,53,640,42,109400,8049,195400,12696,56600,3995,108,61,0,16,44110,2057,33,2.9,5.1,1.3,2.8,1.2,41.2,7.7,13.4,6.4,74.4,2.8,1.7,0.9,3.2,1,4.2,1.7,0,0.3,1.4,0.7,6575,176,1686,198
"19111","Lee County, Iowa",711,27,731,32,98400,3248,177800,10372,62000,3463,448,166,0,21,44357,1337,39.4,2.2,8.8,2.2,2.5,1.2,36.4,5,8.1,2.4,74,2.3,1.8,0.6,1.7,0.7,4.7,0.9,0,0.1,0.9,0.5,14338,305,3726,350
"19113","Linn County, Iowa",778,20,1088,19,161600,3084,240300,3941,117700,2262,2269,377,529,203,50914,1069,15.1,0.8,5.9,1.2,2.5,0.7,33.3,3,13.6,1.7,74.3,0.9,1.4,0.3,4.6,0.5,5.9,0.6,0,0.1,4.3,0.5,91304,661,23461,890
"19115","Louisa County, Iowa",647,37,753,48,107900,8654,174100,16701,69100,5955,74,53,7,12,44753,1675,36.1,3.2,9.3,3.7,2.1,1.4,19.3,5.7,2.1,1.6,76.5,3.2,2,1.2,2,0.8,0.5,0.4,0,0.4,1,1,4343,160,1022,154
"19117","Lucas County, Iowa",659,98,689,73,94200,7172,165700,17871,49800,6934,30,45,0,14,45305,2578,34.2,3.8,9.4,3.5,1.3,1.2,25.9,10.4,23.1,9.1,76.5,3.4,0.7,0.6,1.4,1.1,6.7,2.5,0,0.1,0.4,0.4,3718,113,875,131
"19119","Lyon County, Iowa",714,31,818,54,160700,9290,264400,18574,88600,5156,148,81,10,14,47348,2664,26.3,3.1,4.3,1.5,2.3,1.2,18.1,6.7,10.5,4.8,85.4,2.2,0.8,0.5,0.6,0.3,3.5,1.8,0,0.4,4.3,1.9,4593,108,671,104
"19121","Madison County, Iowa",827,83,1200,74,186700,9969,293600,25979,136500,9770,29,30,0,16,53581,2969,28.2,3.3,5.3,3.2,6.2,4.9,27.5,10.7,18.2,8.7,79.4,3.9,3.7,2.1,1.1,0.9,1.6,1,0,0.3,4.5,1.6,6619,162,1365,267
"19123","Mahaska County, Iowa",673,45,727,50,113100,5402,183000,11844,73800,3775,148,80,40,43,43409,1685,35.3,2.7,8.3,2.9,2.4,1.8,28.6,6.2,10.8,4.1,68,3.1,3.6,1.3,1.6,0.8,2.2,0.7,0,0.2,2.8,1.4,8947,192,2860,286
"19125","Marion County, Iowa",721,12,913,48,160100,6752,248800,10468,92200,4410,107,49,26,28,49430,1557,21.3,2,8.2,2.2,3.3,1.9,22.9,4.4,11.8,4.1,73.7,2.3,3,1,3.6,1.1,3.4,0.7,0,0.1,2.7,1.1,13532,217,3556,343
"19127","Marshall County, Iowa",725,27,838,33,104400,5457,164300,4019,72400,2248,235,141,61,55,44849,1802,32.7,2.4,7.6,3.1,3.1,1.9,26.7,5.3,16.2,4.9,71.9,2.4,2.4,0.8,2.7,0.8,4.5,1.1,0.1,0.2,0.6,0.4,15388,302,4326,381
"19129","Mills County, Iowa",837,115,1052,73,178500,10422,275800,12491,122500,9423,69,44,3,5,52811,2494,31.6,3,7.8,5.3,2.3,1.8,30.5,9.1,18.2,8.3,79,3.6,1,0.7,0.8,0.7,0.4,0.4,0,0.4,1.2,0.6,5442,154,1142,204
"19131","Mitchell County, Iowa",610,59,708,54,120400,7948,217500,13371,78100,4829,0,16,0,16,48611,3894,37.8,4,5.6,2.2,3.5,2.7,22.4,10.2,8.3,5.8,80.1,3.4,2.9,1.4,0.6,0.4,3.3,1.4,0,0.4,0.6,0.4,4472,150,888,160
"19133","Monona County, Iowa",635,28,627,48,90000,8900,163900,8091,53500,3335,73,62,5,8,43693,2363,41.8,3.6,5.8,2.3,2.7,2.2,38.3,9.5,16.1,6.9,73.7,3.6,1.7,1.1,2.5,1.6,3.3,1.6,0,0.5,1.1,0.6,3988,171,1047,160
"19135","Monroe County, Iowa",598,121,743,87,113800,15681,226200,49061,69800,13549,195,107,0,14,46066,2324,25.3,4.6,9.8,3.9,3.5,2.6,35.9,11.8,5.9,4.7,78.4,4.6,4,1.9,0.5,0.5,1.8,1,0.1,0.1,0.7,0.7,3243,166,700,168
"19137","Montgomery County, Iowa",656,28,616,54,85300,4932,149300,17395,60300,4384,77,55,8,11,41604,2338,43.6,4.1,5.9,2.3,1.6,1.3,27,8,11.3,4.7,72.3,3.7,3.2,1.9,2.8,1.4,0.9,0.7,0,0.4,0.2,0.3,4479,198,1242,185
"19139","Muscatine County, Iowa",829,36,867,63,135400,6799,214800,11449,85200,3212,557,172,28,43,44809,1774,32.4,2.5,7.2,2.3,3.9,1.8,30.7,4.6,11.6,4.1,74.4,2.1,3.1,1,3.7,0.9,2.6,0.8,0,0.1,0.6,0.3,16543,327,4239,389
"19141","O'Brien County, Iowa",576,45,708,45,116300,9889,191000,16443,69700,6055,193,98,22,18,46739,2579,30.1,3.3,9.5,3,1,0.7,32.1,8.9,10.1,5,74.6,3.1,0.8,0.5,4.9,2.2,4,1.4,0,0.3,1.7,0.8,5976,190,1520,196
"19143","Osceola County, Iowa",672,76,604,51,96600,8294,172800,22280,53100,5579,62,45,0,14,43732,2225,33.7,3.9,5.1,2.6,0.4,0.4,24.1,8.3,6.8,5.2,77,3.6,0.4,0.4,2.6,1.3,0.3,0.3,0,0.8,0.9,0.8,2664,92,612,105
"19145","Page County, Iowa",663,42,643,53,96400,3884,160200,7884,59200,3554,67,60,7,11,41924,1494,37.1,2.8,5.7,2.1,5.2,3.2,31.1,6.4,10,4.1,70.3,3,2.8,1.3,2,0.9,5.3,1.6,0,0.1,0.4,0.5,6414,255,1907,227
"19147","Palo Alto County, Iowa",545,51,703,44,107300,8425,184700,17999,63100,3677,112,59,0,14,41536,2332,31.5,3.3,9.1,3.1,0.8,0.6,23.7,7.9,6.7,3.5,75.6,3,1.3,0.9,3.7,1.6,3.1,1.4,0,0.5,1.2,0.8,3712,152,904,130
"19149","Plymouth County, Iowa",714,44,868,51,172600,5859,279500,13359,111500,5092,100,87,54,58,48206,1883,28.7,2.1,8.2,3.8,2.4,1.3,18.7,5,6.2,3.3,76.7,2.4,1.8,0.7,2.2,1.1,1.7,0.9,0,0.2,2.9,1.2,10298,192,2399,266
"19151","Pocahontas County, Iowa",630,38,557,39,81900,5745,150200,12147,43800,4541,58,46,15,17,41749,1220,40.1,3.3,8.5,2.8,3.4,2.3,24.8,8.9,8.9,6.5,76.3,2.9,1.5,1,2.1,1.2,0.8,0.9,0,0.6,0.2,0.2,3127,131,741,98
"19153","Polk County, Iowa",938,12,1206,15,190400,2427,272700,3278,131400,2019,3871,556,881,244,52008,540,14.9,0.5,8.9,1.1,2.8,0.6,33.7,1.8,11.1,1.1,67.1,0.8,1.6,0.2,4,0.4,13.5,0.6,0,0.1,6.6,0.5,191125,1070,62973,1589
"19155","Pottawattamie County, Iowa",850,21,967,28,141300,3393,226700,6163,97100,2927,361,123,203,118,44524,1237,27.7,1.2,9.9,2,3.2,1.1,36.3,2.7,13,2.5,68.8,1.4,2.2,0.5,4.3,0.6,5.9,0.7,0.1,0.1,1.6,0.4,36875,346,11506,551
"19157","Poweshiek County, Iowa",734,27,844,69,148200,8234,245300,18759,91200,5140,93,65,5,8,46324,2415,25.8,3.3,7.1,2.5,6.3,3.2,31.6,6.6,5.3,2.8,66.3,4.1,4.4,1.4,3.2,1.3,2.9,1.3,0.1,0.1,2,0.9,7827,258,2637,358
"19159","Ringgold County, Iowa",636,31,777,91,113000,11985,218700,17495,63500,6044,22,19,12,21,39846,2878,33.9,4.5,8.7,3.7,2.8,1.8,26.8,10.4,22.9,9.7,74.9,3.4,0.7,0.7,1.7,0.9,0.7,0.8,0,0.1,0.4,0.3,1843,110,463,71
"19161","Sac County, Iowa",606,50,579,32,101200,7326,175400,9415,56100,3411,34,30,4,6,44184,2142,40.3,3.1,7.9,2.4,1,0.5,19.8,5.5,8.6,3.6,79.2,2.9,1.5,0.5,1.6,0.8,0.7,0.5,0,0.4,0.6,0.4,4344,130,902,140
"19163","Scott County, Iowa",812,19,1046,24,167900,3230,276100,6038,111500,2643,2250,355,259,130,50808,719,20.6,0.9,7.1,1.3,2.1,0.9,38.9,2.3,10.7,1.8,70.1,1.1,3,0.4,5.2,0.6,5.5,0.5,0,0.1,2.5,0.4,67437,711,20148,786
"19165","Shelby County, Iowa",701,136,766,54,120700,6627,190000,17530,80900,5394,23,16,5,8,41811,1921,39,3.5,9.9,3.3,1,0.6,27.9,10.2,16.4,6.4,74.9,3.3,0.5,0.3,1.4,1,3.1,1,0,0.4,0.1,0.2,5066,187,1272,169
"19167","Sioux County, Iowa",693,67,930,62,182500,7387,263200,12197,114600,5368,38,38,48,46,46587,1970,23.3,2.3,5.6,2.7,1.2,0.9,34.8,7.6,8.8,6.9,80.8,2.5,0.8,0.4,2.7,1.3,2.1,0.8,0,0.2,2.9,0.8,12379,207,2379,310
"19169","Story County, Iowa",921,22,1082,47,195200,5424,273000,7104,136900,4592,1232,427,310,178,52370,1182,14.1,1,13.1,3.2,1.8,0.8,47.9,2.9,9.3,1.8,54.5,1.3,3.7,0.6,6.3,0.9,14.3,1.5,0,0.1,6.6,1.1,37997,607,17294,662
"19171","Tama County, Iowa",729,54,782,41,114400,4592,186700,11851,74400,5064,139,67,9,15,43713,1855,42.1,2.5,9.6,2.6,4.5,1.7,34.7,6.3,15.7,5.5,76.1,2.1,3.1,1,2.7,0.9,0.6,0.4,0,0.3,1.6,0.6,6736,173,1611,155
"19173","Taylor County, Iowa",581,48,655,42,84100,4656,161900,13560,49300,5669,39,28,0,14,42113,2193,42.5,3.3,6.5,2.7,3.8,2.2,12.6,6.3,10.1,5.7,81.5,3,1.3,1,0.9,0.6,1.1,0.6,0,0.7,1.1,0.7,2567,73,475,81
"19175","Union County, Iowa",610,59,729,38,109600,7008,177100,14393,68300,8197,78,60,21,33,42276,3004,36.3,3.8,7.6,3.1,7,3.5,27.7,6.9,14.7,7.2,72.3,3.5,2.3,1.3,2.6,1.3,2.9,1.1,0,0.4,1.3,1,5199,196,1440,208
"19177","Van Buren County, Iowa",571,49,598,49,91200,12416,174900,37009,52600,4670,46,29,0,14,40944,2493,35.9,3.8,9,3.7,3,1.7,29.3,8.7,17,6.9,80.8,3.1,1.9,1.2,0.6,0.5,0.4,0.3,0.1,0.1,2.2,1,2969,138,570,99
"19179","Wapello County, Iowa",767,46,747,25,87400,5252,164600,6623,57500,4314,563,178,37,49,40234,1116,32.5,2.2,10,2.6,2.9,1.6,39.3,6.1,10.7,3.8,67.7,2.1,2.1,0.7,3,1,3.7,0.8,0.1,0.2,0.2,0.2,14404,294,4652,313
"19181","Warren County, Iowa",833,46,1228,43,196100,6706,306900,12500,139000,4291,119,104,82,74,56475,1337,11.6,1.4,10.6,4,2.8,1.2,32.7,5.4,12.7,4.8,80.4,1.6,1.3,0.6,2.6,0.8,4.7,1,0,0.1,6.9,1.1,19320,305,3794,323
"19183","Washington County, Iowa",784,24,958,64,158600,8590,248900,13211,101100,5298,198,119,11,16,45422,1960,36.4,2.8,8.3,2.9,1.5,1.1,21.8,4.6,12.5,4.4,68.7,2.6,2.6,1.1,3.2,1.2,2.1,0.7,0.2,0.3,1.2,0.7,8876,180,2776,238
"19185","Wayne County, Iowa",543,41,601,39,79900,5573,152300,20049,47500,5543,26,22,6,9,41169,2205,35.2,3.7,9.4,3.2,3.2,1.8,22.7,7.5,7.2,3.8,80.5,2.7,3.2,1.6,0.4,0.3,0.1,0.1,0,0.7,3.6,1.5,2620,103,511,75
"19187","Webster County, Iowa",667,19,699,36,107900,6281,170200,6267,69500,2879,113,74,51,38,45795,2464,32.9,2.5,9.1,2.9,3.7,2,31.8,5.6,12,3.1,68.3,2.5,2.2,0.9,2.4,0.6,5.1,1.1,0.3,0.4,1.4,0.8,15605,296,4943,417
"19189","Winnebago County, Iowa",617,66,670,50,96200,3795,150400,12616,73300,2895,182,83,24,39,40974,1627,28.1,3.6,11.3,3.7,3.2,2.8,29.4,9.6,9.5,4.7,77.8,3.2,1.6,1.1,3.5,1.4,3.1,1.2,0,0.4,1.1,1,4533,155,1008,160
"19191","Winneshiek County, Iowa",723,63,860,43,183300,8486,286100,11322,113900,6560,93,83,39,31,44291,1788,37.6,2.8,6.9,2.7,3.9,2.2,40.9,8.5,7.8,3.3,78,2.2,2.4,1.1,1.9,0.8,1.6,0.6,0,0.2,2.4,0.8,8265,170,1821,197
"19193","Woodbury County, Iowa",802,19,829,34,131300,5142,200600,8229,87500,2283,877,282,207,123,43583,1312,31.5,1.4,8.7,2.6,1.8,0.8,32.1,3,11.9,2,67.4,1.6,3.2,0.6,3.8,0.7,6.8,0.9,0.1,0.1,2.1,0.4,39523,495,12885,681
"19195","Worth County, Iowa",586,59,690,40,107600,7641,165600,8153,74100,3878,4,6,16,22,43786,2424,41.1,2.7,4.5,2.1,3.7,2.9,17.5,7,5.1,2.5,79.6,2.8,1.1,0.5,2.8,0.9,0.3,0.3,0,0.6,0.6,0.4,3199,106,654,98
"19197","Wright County, Iowa",644,43,572,39,86100,4091,134700,18705,58900,4865,109,85,19,28,40522,1984,36.9,3.7,6.2,2.9,1,0.8,29.8,9.1,5.9,3.6,73.1,3.3,2.5,1.5,0.9,0.6,3.2,1.1,0,0.3,1.1,0.9,5582,184,1500,203
