"","COUNTY_LEVEL","Year","LI","TotalLI","PercentLILost","YearEnd","id","county_name","state_code","state_fips","county_fips","class_fips"
"1",19001,1989,24,32,75,2004,84019001,"Adair County","IA",19,1,"H1"
"2",19001,1991,8,32,25,2006,84019001,"Adair County","IA",19,1,"H1"
"3",19003,1997,12,12,100,2012,84019003,"Adams County","IA",19,3,"H1"
"4",19005,1990,6,66,9.09090909090909,2005,84019005,"Allamakee County","IA",19,5,"H1"
"5",19005,1995,24,66,36.3636363636364,2010,84019005,"Allamakee County","IA",19,5,"H1"
"6",19005,1998,36,66,54.5454545454545,2013,84019005,"Allamakee County","IA",19,5,"H1"
"7",19007,1997,50,91,54.9450549450549,2012,84019007,"Appanoose County","IA",19,7,"H1"
"8",19007,2017,41,91,45.0549450549451,2032,84019007,"Appanoose County","IA",19,7,"H1"
"9",19013,1992,64,965,6.63212435233161,2007,84019013,"Black Hawk County","IA",19,13,"H1"
"10",19013,1995,64,965,6.63212435233161,2010,84019013,"Black Hawk County","IA",19,13,"H1"
"11",19013,1997,40,965,4.14507772020725,2012,84019013,"Black Hawk County","IA",19,13,"H1"
"12",19013,1998,28,965,2.90155440414508,2013,84019013,"Black Hawk County","IA",19,13,"H1"
"13",19013,2000,25,965,2.59067357512953,2015,84019013,"Black Hawk County","IA",19,13,"H1"
"14",19013,2001,50,965,5.18134715025907,2016,84019013,"Black Hawk County","IA",19,13,"H1"
"15",19013,2003,52,965,5.38860103626943,2018,84019013,"Black Hawk County","IA",19,13,"H1"
"16",19013,2005,21,965,2.17616580310881,2020,84019013,"Black Hawk County","IA",19,13,"H1"
"17",19013,2007,165,965,17.0984455958549,2022,84019013,"Black Hawk County","IA",19,13,"H1"
"18",19013,2010,94,965,9.74093264248705,2025,84019013,"Black Hawk County","IA",19,13,"H1"
"19",19013,2011,96,965,9.94818652849741,2026,84019013,"Black Hawk County","IA",19,13,"H1"
"20",19013,2012,150,965,15.5440414507772,2027,84019013,"Black Hawk County","IA",19,13,"H1"
"21",19013,2014,32,965,3.3160621761658,2029,84019013,"Black Hawk County","IA",19,13,"H1"
"22",19013,2015,84,965,8.70466321243523,2030,84019013,"Black Hawk County","IA",19,13,"H1"
"23",19013,8888,0,965,0,8888,84019013,"Black Hawk County","IA",19,13,"H1"
"24",19015,1988,47,136,34.5588235294118,2003,84019015,"Boone County","IA",19,15,"H1"
"25",19015,1999,40,136,29.4117647058824,2014,84019015,"Boone County","IA",19,15,"H1"
"26",19015,2004,25,136,18.3823529411765,2019,84019015,"Boone County","IA",19,15,"H1"
"27",19015,2009,24,136,17.6470588235294,2024,84019015,"Boone County","IA",19,15,"H1"
"28",19015,8888,0,136,0,8888,84019015,"Boone County","IA",19,15,"H1"
"29",19017,1987,8,90,8.88888888888889,2002,84019017,"Bremer County","IA",19,17,"H1"
"30",19017,1992,16,90,17.7777777777778,2007,84019017,"Bremer County","IA",19,17,"H1"
"31",19017,1997,54,90,60,2012,84019017,"Bremer County","IA",19,17,"H1"
"32",19017,2008,12,90,13.3333333333333,2023,84019017,"Bremer County","IA",19,17,"H1"
"33",19019,1990,8,23,34.7826086956522,2005,84019019,"Buchanan County","IA",19,19,"H1"
"34",19019,1992,15,23,65.2173913043478,2007,84019019,"Buchanan County","IA",19,19,"H1"
"35",19021,1989,82,251,32.6693227091633,2004,84019021,"Buena Vista County","IA",19,21,"H1"
"36",19021,1996,40,251,15.9362549800797,2011,84019021,"Buena Vista County","IA",19,21,"H1"
"37",19021,1998,32,251,12.7490039840637,2013,84019021,"Buena Vista County","IA",19,21,"H1"
"38",19021,2006,24,251,9.56175298804781,2021,84019021,"Buena Vista County","IA",19,21,"H1"
"39",19021,2014,31,251,12.3505976095618,2029,84019021,"Buena Vista County","IA",19,21,"H1"
"40",19021,2015,42,251,16.7330677290837,2030,84019021,"Buena Vista County","IA",19,21,"H1"
"41",19023,1994,20,20,100,2009,84019023,"Butler County","IA",19,23,"H1"
"42",19025,1999,16,16,100,2014,84019025,"Calhoun County","IA",19,25,"H1"
"43",19027,1991,20,123,16.260162601626,2006,84019027,"Carroll County","IA",19,27,"H1"
"44",19027,1992,20,123,16.260162601626,2007,84019027,"Carroll County","IA",19,27,"H1"
"45",19027,1993,12,123,9.75609756097561,2008,84019027,"Carroll County","IA",19,27,"H1"
"46",19027,1998,24,123,19.5121951219512,2013,84019027,"Carroll County","IA",19,27,"H1"
"47",19027,2000,23,123,18.6991869918699,2015,84019027,"Carroll County","IA",19,27,"H1"
"48",19027,2002,24,123,19.5121951219512,2017,84019027,"Carroll County","IA",19,27,"H1"
"49",19029,1998,32,52,61.5384615384615,2013,84019029,"Cass County","IA",19,29,"H1"
"50",19029,2015,20,52,38.4615384615385,2030,84019029,"Cass County","IA",19,29,"H1"
"51",19031,1997,24,24,100,2012,84019031,"Cedar County","IA",19,31,"H1"
"52",19033,1988,1,405,0.246913580246914,2003,84019033,"Cerro Gordo County","IA",19,33,"H1"
"53",19033,1990,10,405,2.46913580246914,2005,84019033,"Cerro Gordo County","IA",19,33,"H1"
"54",19033,1997,60,405,14.8148148148148,2012,84019033,"Cerro Gordo County","IA",19,33,"H1"
"55",19033,1999,32,405,7.90123456790123,2014,84019033,"Cerro Gordo County","IA",19,33,"H1"
"56",19033,2001,31,405,7.65432098765432,2016,84019033,"Cerro Gordo County","IA",19,33,"H1"
"57",19033,2003,41,405,10.1234567901235,2018,84019033,"Cerro Gordo County","IA",19,33,"H1"
"58",19033,2004,94,405,23.2098765432099,2019,84019033,"Cerro Gordo County","IA",19,33,"H1"
"59",19033,2005,23,405,5.67901234567901,2020,84019033,"Cerro Gordo County","IA",19,33,"H1"
"60",19033,2006,23,405,5.67901234567901,2021,84019033,"Cerro Gordo County","IA",19,33,"H1"
"61",19033,2013,47,405,11.6049382716049,2028,84019033,"Cerro Gordo County","IA",19,33,"H1"
"62",19033,2016,43,405,10.6172839506173,2031,84019033,"Cerro Gordo County","IA",19,33,"H1"
"63",19035,1994,24,44,54.5454545454545,2009,84019035,"Cherokee County","IA",19,35,"H1"
"64",19035,1996,20,44,45.4545454545455,2011,84019035,"Cherokee County","IA",19,35,"H1"
"65",19039,1992,24,96,25,2007,84019039,"Clarke County","IA",19,39,"H1"
"66",19039,1995,24,96,25,2010,84019039,"Clarke County","IA",19,39,"H1"
"67",19039,1999,48,96,50,2014,84019039,"Clarke County","IA",19,39,"H1"
"68",19041,1987,36,111,32.4324324324324,2002,84019041,"Clay County","IA",19,41,"H1"
"69",19041,1992,8,111,7.20720720720721,2007,84019041,"Clay County","IA",19,41,"H1"
"70",19041,2001,24,111,21.6216216216216,2016,84019041,"Clay County","IA",19,41,"H1"
"71",19041,2009,16,111,14.4144144144144,2024,84019041,"Clay County","IA",19,41,"H1"
"72",19041,2017,27,111,24.3243243243243,2032,84019041,"Clay County","IA",19,41,"H1"
"73",19043,1993,15,15,100,2008,84019043,"Clayton County","IA",19,43,"H1"
"74",19045,1992,7,360,1.94444444444444,2007,84019045,"Clinton County","IA",19,45,"H1"
"75",19045,1993,112,360,31.1111111111111,2008,84019045,"Clinton County","IA",19,45,"H1"
"76",19045,1997,24,360,6.66666666666667,2012,84019045,"Clinton County","IA",19,45,"H1"
"77",19045,2001,31,360,8.61111111111111,2016,84019045,"Clinton County","IA",19,45,"H1"
"78",19045,2005,19,360,5.27777777777778,2020,84019045,"Clinton County","IA",19,45,"H1"
"79",19045,2006,16,360,4.44444444444444,2021,84019045,"Clinton County","IA",19,45,"H1"
"80",19045,2007,10,360,2.77777777777778,2022,84019045,"Clinton County","IA",19,45,"H1"
"81",19045,2008,26,360,7.22222222222222,2023,84019045,"Clinton County","IA",19,45,"H1"
"82",19045,2013,30,360,8.33333333333333,2028,84019045,"Clinton County","IA",19,45,"H1"
"83",19045,2016,42,360,11.6666666666667,2031,84019045,"Clinton County","IA",19,45,"H1"
"84",19045,2018,43,360,11.9444444444444,2033,84019045,"Clinton County","IA",19,45,"H1"
"85",19045,8888,0,360,0,8888,84019045,"Clinton County","IA",19,45,"H1"
"86",19047,2016,42,42,100,2031,84019047,"Crawford County","IA",19,47,"H1"
"87",19049,1991,23,1353,1.69992609016999,2006,84019049,"Dallas County","IA",19,49,"H1"
"88",19049,1993,23,1353,1.69992609016999,2008,84019049,"Dallas County","IA",19,49,"H1"
"89",19049,1994,264,1353,19.5121951219512,2009,84019049,"Dallas County","IA",19,49,"H1"
"90",19049,1995,293,1353,21.6555801921656,2010,84019049,"Dallas County","IA",19,49,"H1"
"91",19049,1998,30,1353,2.21729490022173,2013,84019049,"Dallas County","IA",19,49,"H1"
"92",19049,2000,32,1353,2.36511456023651,2015,84019049,"Dallas County","IA",19,49,"H1"
"93",19049,2001,24,1353,1.77383592017738,2016,84019049,"Dallas County","IA",19,49,"H1"
"94",19049,2002,46,1353,3.39985218033998,2017,84019049,"Dallas County","IA",19,49,"H1"
"95",19049,2005,48,1353,3.54767184035477,2020,84019049,"Dallas County","IA",19,49,"H1"
"96",19049,2010,208,1353,15.3732446415373,2025,84019049,"Dallas County","IA",19,49,"H1"
"97",19049,2011,229,1353,16.9253510716925,2026,84019049,"Dallas County","IA",19,49,"H1"
"98",19049,2014,55,1353,4.0650406504065,2029,84019049,"Dallas County","IA",19,49,"H1"
"99",19049,2017,66,1353,4.8780487804878,2032,84019049,"Dallas County","IA",19,49,"H1"
"100",19049,8888,12,1353,0.886917960088692,8888,84019049,"Dallas County","IA",19,49,"H1"
"101",19053,2007,7,7,100,2022,84019053,"Decatur County","IA",19,53,"H1"
"102",19055,1991,28,52,53.8461538461538,2006,84019055,"Delaware County","IA",19,55,"H1"
"103",19055,1997,24,52,46.1538461538462,2012,84019055,"Delaware County","IA",19,55,"H1"
"104",19057,1995,48,375,12.8,2010,84019057,"Des Moines County","IA",19,57,"H1"
"105",19057,1998,94,375,25.0666666666667,2013,84019057,"Des Moines County","IA",19,57,"H1"
"106",19057,2012,133,375,35.4666666666667,2027,84019057,"Des Moines County","IA",19,57,"H1"
"107",19057,2013,100,375,26.6666666666667,2028,84019057,"Des Moines County","IA",19,57,"H1"
"108",19057,8888,0,375,0,8888,84019057,"Des Moines County","IA",19,57,"H1"
"109",19059,1987,16,158,10.126582278481,2002,84019059,"Dickinson County","IA",19,59,"H1"
"110",19059,1996,10,158,6.32911392405063,2011,84019059,"Dickinson County","IA",19,59,"H1"
"111",19059,1997,30,158,18.9873417721519,2012,84019059,"Dickinson County","IA",19,59,"H1"
"112",19059,1999,38,158,24.0506329113924,2014,84019059,"Dickinson County","IA",19,59,"H1"
"113",19059,2001,20,158,12.6582278481013,2016,84019059,"Dickinson County","IA",19,59,"H1"
"114",19059,2006,14,158,8.86075949367089,2021,84019059,"Dickinson County","IA",19,59,"H1"
"115",19059,2014,30,158,18.9873417721519,2029,84019059,"Dickinson County","IA",19,59,"H1"
"116",19061,1988,2,718,0.278551532033426,2003,84019061,"Dubuque County","IA",19,61,"H1"
"117",19061,1990,28,718,3.89972144846797,2005,84019061,"Dubuque County","IA",19,61,"H1"
"118",19061,1993,16,718,2.22841225626741,2008,84019061,"Dubuque County","IA",19,61,"H1"
"119",19061,1994,46,718,6.4066852367688,2009,84019061,"Dubuque County","IA",19,61,"H1"
"120",19061,1995,48,718,6.68523676880223,2010,84019061,"Dubuque County","IA",19,61,"H1"
"121",19061,2002,33,718,4.59610027855153,2017,84019061,"Dubuque County","IA",19,61,"H1"
"122",19061,2004,87,718,12.116991643454,2019,84019061,"Dubuque County","IA",19,61,"H1"
"123",19061,2006,98,718,13.6490250696379,2021,84019061,"Dubuque County","IA",19,61,"H1"
"124",19061,2008,77,718,10.7242339832869,2023,84019061,"Dubuque County","IA",19,61,"H1"
"125",19061,2010,41,718,5.71030640668524,2025,84019061,"Dubuque County","IA",19,61,"H1"
"126",19061,2011,61,718,8.4958217270195,2026,84019061,"Dubuque County","IA",19,61,"H1"
"127",19061,2012,70,718,9.74930362116992,2027,84019061,"Dubuque County","IA",19,61,"H1"
"128",19061,2017,54,718,7.52089136490251,2032,84019061,"Dubuque County","IA",19,61,"H1"
"129",19061,2019,57,718,7.93871866295265,2034,84019061,"Dubuque County","IA",19,61,"H1"
"130",19061,8888,0,718,0,8888,84019061,"Dubuque County","IA",19,61,"H1"
"131",19063,1998,16,16,100,2013,84019063,"Emmet County","IA",19,63,"H1"
"132",19065,1994,24,60,40,2009,84019065,"Fayette County","IA",19,65,"H1"
"133",19065,1999,36,60,60,2014,84019065,"Fayette County","IA",19,65,"H1"
"134",19067,1991,24,24,100,2006,84019067,"Floyd County","IA",19,67,"H1"
"135",19069,1991,24,24,100,2006,84019069,"Franklin County","IA",19,69,"H1"
"136",19073,1993,12,60,20,2008,84019073,"Greene County","IA",19,73,"H1"
"137",19073,2013,48,60,80,2028,84019073,"Greene County","IA",19,73,"H1"
"138",19075,2000,16,16,100,2015,84019075,"Grundy County","IA",19,75,"H1"
"139",19077,2007,10,10,100,2022,84019077,"Guthrie County","IA",19,77,"H1"
"140",19079,1989,24,126,19.047619047619,2004,84019079,"Hamilton County","IA",19,79,"H1"
"141",19079,1990,24,126,19.047619047619,2005,84019079,"Hamilton County","IA",19,79,"H1"
"142",19079,1997,24,126,19.047619047619,2012,84019079,"Hamilton County","IA",19,79,"H1"
"143",19079,2006,54,126,42.8571428571429,2021,84019079,"Hamilton County","IA",19,79,"H1"
"144",19081,1990,24,24,100,2005,84019081,"Hancock County","IA",19,81,"H1"
"145",19083,2000,32,72,44.4444444444444,2015,84019083,"Hardin County","IA",19,83,"H1"
"146",19083,2012,40,72,55.5555555555556,2027,84019083,"Hardin County","IA",19,83,"H1"
"147",19085,1988,2,46,4.34782608695652,2003,84019085,"Harrison County","IA",19,85,"H1"
"148",19085,2007,9,46,19.5652173913043,2022,84019085,"Harrison County","IA",19,85,"H1"
"149",19085,2011,11,46,23.9130434782609,2026,84019085,"Harrison County","IA",19,85,"H1"
"150",19085,2013,24,46,52.1739130434783,2028,84019085,"Harrison County","IA",19,85,"H1"
"151",19087,1988,24,151,15.8940397350993,2003,84019087,"Henry County","IA",19,87,"H1"
"152",19087,1993,23,151,15.2317880794702,2008,84019087,"Henry County","IA",19,87,"H1"
"153",19087,1997,24,151,15.8940397350993,2012,84019087,"Henry County","IA",19,87,"H1"
"154",19087,1998,56,151,37.0860927152318,2013,84019087,"Henry County","IA",19,87,"H1"
"155",19087,2011,24,151,15.8940397350993,2026,84019087,"Henry County","IA",19,87,"H1"
"156",19089,1994,15,47,31.9148936170213,2009,84019089,"Howard County","IA",19,89,"H1"
"157",19089,1997,32,47,68.0851063829787,2012,84019089,"Howard County","IA",19,89,"H1"
"158",19091,1995,20,51,39.2156862745098,2010,84019091,"Humboldt County","IA",19,91,"H1"
"159",19091,2000,12,51,23.5294117647059,2015,84019091,"Humboldt County","IA",19,91,"H1"
"160",19091,2008,19,51,37.2549019607843,2023,84019091,"Humboldt County","IA",19,91,"H1"
"161",19093,1991,16,64,25,2006,84019093,"Ida County","IA",19,93,"H1"
"162",19093,1997,48,64,75,2012,84019093,"Ida County","IA",19,93,"H1"
"163",19095,1990,8,56,14.2857142857143,2005,84019095,"Iowa County","IA",19,95,"H1"
"164",19095,1994,48,56,85.7142857142857,2009,84019095,"Iowa County","IA",19,95,"H1"
"165",19097,2000,18,64,28.125,2015,84019097,"Jackson County","IA",19,97,"H1"
"166",19097,2001,24,64,37.5,2016,84019097,"Jackson County","IA",19,97,"H1"
"167",19097,2006,22,64,34.375,2021,84019097,"Jackson County","IA",19,97,"H1"
"168",19099,1988,24,522,4.59770114942529,2003,84019099,"Jasper County","IA",19,99,"H1"
"169",19099,1989,24,522,4.59770114942529,2004,84019099,"Jasper County","IA",19,99,"H1"
"170",19099,1990,23,522,4.40613026819923,2005,84019099,"Jasper County","IA",19,99,"H1"
"171",19099,1991,16,522,3.06513409961686,2006,84019099,"Jasper County","IA",19,99,"H1"
"172",19099,1992,15,522,2.8735632183908,2007,84019099,"Jasper County","IA",19,99,"H1"
"173",19099,1993,16,522,3.06513409961686,2008,84019099,"Jasper County","IA",19,99,"H1"
"174",19099,1994,24,522,4.59770114942529,2009,84019099,"Jasper County","IA",19,99,"H1"
"175",19099,1996,92,522,17.6245210727969,2011,84019099,"Jasper County","IA",19,99,"H1"
"176",19099,1999,117,522,22.4137931034483,2014,84019099,"Jasper County","IA",19,99,"H1"
"177",19099,2000,24,522,4.59770114942529,2015,84019099,"Jasper County","IA",19,99,"H1"
"178",19099,2012,58,522,11.1111111111111,2027,84019099,"Jasper County","IA",19,99,"H1"
"179",19099,2015,53,522,10.1532567049808,2030,84019099,"Jasper County","IA",19,99,"H1"
"180",19099,2019,36,522,6.89655172413793,2034,84019099,"Jasper County","IA",19,99,"H1"
"181",19101,1988,48,139,34.5323741007194,2003,84019101,"Jefferson County","IA",19,101,"H1"
"182",19101,1999,33,139,23.7410071942446,2014,84019101,"Jefferson County","IA",19,101,"H1"
"183",19101,2006,18,139,12.9496402877698,2021,84019101,"Jefferson County","IA",19,101,"H1"
"184",19101,2015,40,139,28.7769784172662,2030,84019101,"Jefferson County","IA",19,101,"H1"
"185",19103,1990,24,1030,2.33009708737864,2005,84019103,"Johnson County","IA",19,103,"H1"
"186",19103,1992,102,1030,9.90291262135922,2007,84019103,"Johnson County","IA",19,103,"H1"
"187",19103,1993,48,1030,4.66019417475728,2008,84019103,"Johnson County","IA",19,103,"H1"
"188",19103,1995,18,1030,1.74757281553398,2010,84019103,"Johnson County","IA",19,103,"H1"
"189",19103,1996,24,1030,2.33009708737864,2011,84019103,"Johnson County","IA",19,103,"H1"
"190",19103,1999,36,1030,3.49514563106796,2014,84019103,"Johnson County","IA",19,103,"H1"
"191",19103,2000,66,1030,6.40776699029126,2015,84019103,"Johnson County","IA",19,103,"H1"
"192",19103,2001,38,1030,3.68932038834951,2016,84019103,"Johnson County","IA",19,103,"H1"
"193",19103,2002,30,1030,2.9126213592233,2017,84019103,"Johnson County","IA",19,103,"H1"
"194",19103,2003,54,1030,5.24271844660194,2018,84019103,"Johnson County","IA",19,103,"H1"
"195",19103,2004,28,1030,2.71844660194175,2019,84019103,"Johnson County","IA",19,103,"H1"
"196",19103,2006,12,1030,1.16504854368932,2021,84019103,"Johnson County","IA",19,103,"H1"
"197",19103,2007,32,1030,3.10679611650485,2022,84019103,"Johnson County","IA",19,103,"H1"
"198",19103,2008,30,1030,2.9126213592233,2023,84019103,"Johnson County","IA",19,103,"H1"
"199",19103,2009,30,1030,2.9126213592233,2024,84019103,"Johnson County","IA",19,103,"H1"
"200",19103,2010,22,1030,2.13592233009709,2025,84019103,"Johnson County","IA",19,103,"H1"
"201",19103,2011,80,1030,7.76699029126214,2026,84019103,"Johnson County","IA",19,103,"H1"
"202",19103,2013,22,1030,2.13592233009709,2028,84019103,"Johnson County","IA",19,103,"H1"
"203",19103,2017,284,1030,27.5728155339806,2032,84019103,"Johnson County","IA",19,103,"H1"
"204",19103,2018,50,1030,4.85436893203883,2033,84019103,"Johnson County","IA",19,103,"H1"
"205",19109,1994,24,24,100,2009,84019109,"Kossuth County","IA",19,109,"H1"
"206",19111,1989,22,286,7.69230769230769,2004,84019111,"Lee County","IA",19,111,"H1"
"207",19111,1992,16,286,5.59440559440559,2007,84019111,"Lee County","IA",19,111,"H1"
"208",19111,2000,24,286,8.39160839160839,2015,84019111,"Lee County","IA",19,111,"H1"
"209",19111,2001,24,286,8.39160839160839,2016,84019111,"Lee County","IA",19,111,"H1"
"210",19111,2006,48,286,16.7832167832168,2021,84019111,"Lee County","IA",19,111,"H1"
"211",19111,2011,112,286,39.1608391608392,2026,84019111,"Lee County","IA",19,111,"H1"
"212",19111,2017,40,286,13.986013986014,2032,84019111,"Lee County","IA",19,111,"H1"
"213",19111,8888,0,286,0,8888,84019111,"Lee County","IA",19,111,"H1"
"214",19113,1990,200,2288,8.74125874125874,2005,84019113,"Linn County","IA",19,113,"H1"
"215",19113,1991,138,2288,6.03146853146853,2006,84019113,"Linn County","IA",19,113,"H1"
"216",19113,1992,104,2288,4.54545454545455,2007,84019113,"Linn County","IA",19,113,"H1"
"217",19113,1994,96,2288,4.1958041958042,2009,84019113,"Linn County","IA",19,113,"H1"
"218",19113,1995,96,2288,4.1958041958042,2010,84019113,"Linn County","IA",19,113,"H1"
"219",19113,1996,244,2288,10.6643356643357,2011,84019113,"Linn County","IA",19,113,"H1"
"220",19113,1998,67,2288,2.92832167832168,2013,84019113,"Linn County","IA",19,113,"H1"
"221",19113,2001,39,2288,1.70454545454545,2016,84019113,"Linn County","IA",19,113,"H1"
"222",19113,2002,180,2288,7.86713286713287,2017,84019113,"Linn County","IA",19,113,"H1"
"223",19113,2003,28,2288,1.22377622377622,2018,84019113,"Linn County","IA",19,113,"H1"
"224",19113,2004,31,2288,1.3548951048951,2019,84019113,"Linn County","IA",19,113,"H1"
"225",19113,2005,182,2288,7.95454545454545,2020,84019113,"Linn County","IA",19,113,"H1"
"226",19113,2007,24,2288,1.04895104895105,2022,84019113,"Linn County","IA",19,113,"H1"
"227",19113,2008,55,2288,2.40384615384615,2023,84019113,"Linn County","IA",19,113,"H1"
"228",19113,2009,39,2288,1.70454545454545,2024,84019113,"Linn County","IA",19,113,"H1"
"229",19113,2010,128,2288,5.59440559440559,2025,84019113,"Linn County","IA",19,113,"H1"
"230",19113,2011,206,2288,9.0034965034965,2026,84019113,"Linn County","IA",19,113,"H1"
"231",19113,2013,60,2288,2.62237762237762,2028,84019113,"Linn County","IA",19,113,"H1"
"232",19113,2015,54,2288,2.36013986013986,2030,84019113,"Linn County","IA",19,113,"H1"
"233",19113,2016,137,2288,5.98776223776224,2031,84019113,"Linn County","IA",19,113,"H1"
"234",19113,2017,57,2288,2.49125874125874,2032,84019113,"Linn County","IA",19,113,"H1"
"235",19113,2019,123,2288,5.37587412587413,2034,84019113,"Linn County","IA",19,113,"H1"
"236",19115,2013,24,48,50,2028,84019115,"Louisa County","IA",19,115,"H1"
"237",19115,2014,24,48,50,2029,84019115,"Louisa County","IA",19,115,"H1"
"238",19121,1992,24,120,20,2007,84019121,"Madison County","IA",19,121,"H1"
"239",19121,2000,24,120,20,2015,84019121,"Madison County","IA",19,121,"H1"
"240",19121,2010,72,120,60,2025,84019121,"Madison County","IA",19,121,"H1"
"241",19123,1989,24,224,10.7142857142857,2004,84019123,"Mahaska County","IA",19,123,"H1"
"242",19123,1994,16,224,7.14285714285714,2009,84019123,"Mahaska County","IA",19,123,"H1"
"243",19123,1999,54,224,24.1071428571429,2014,84019123,"Mahaska County","IA",19,123,"H1"
"244",19123,2000,24,224,10.7142857142857,2015,84019123,"Mahaska County","IA",19,123,"H1"
"245",19123,2001,30,224,13.3928571428571,2016,84019123,"Mahaska County","IA",19,123,"H1"
"246",19123,2009,30,224,13.3928571428571,2024,84019123,"Mahaska County","IA",19,123,"H1"
"247",19123,2016,46,224,20.5357142857143,2031,84019123,"Mahaska County","IA",19,123,"H1"
"248",19125,1988,60,235,25.531914893617,2003,84019125,"Marion County","IA",19,125,"H1"
"249",19125,1995,30,235,12.7659574468085,2010,84019125,"Marion County","IA",19,125,"H1"
"250",19125,1998,24,235,10.2127659574468,2013,84019125,"Marion County","IA",19,125,"H1"
"251",19125,2000,24,235,10.2127659574468,2015,84019125,"Marion County","IA",19,125,"H1"
"252",19125,2001,24,235,10.2127659574468,2016,84019125,"Marion County","IA",19,125,"H1"
"253",19125,2014,31,235,13.1914893617021,2029,84019125,"Marion County","IA",19,125,"H1"
"254",19125,2015,42,235,17.8723404255319,2030,84019125,"Marion County","IA",19,125,"H1"
"255",19127,1993,8,265,3.0188679245283,2008,84019127,"Marshall County","IA",19,127,"H1"
"256",19127,1994,40,265,15.0943396226415,2009,84019127,"Marshall County","IA",19,127,"H1"
"257",19127,1995,32,265,12.0754716981132,2010,84019127,"Marshall County","IA",19,127,"H1"
"258",19127,1999,32,265,12.0754716981132,2014,84019127,"Marshall County","IA",19,127,"H1"
"259",19127,2003,20,265,7.54716981132075,2018,84019127,"Marshall County","IA",19,127,"H1"
"260",19127,2005,36,265,13.5849056603774,2020,84019127,"Marshall County","IA",19,127,"H1"
"261",19127,2011,24,265,9.05660377358491,2026,84019127,"Marshall County","IA",19,127,"H1"
"262",19127,2014,73,265,27.5471698113208,2029,84019127,"Marshall County","IA",19,127,"H1"
"263",19127,8888,0,265,0,8888,84019127,"Marshall County","IA",19,127,"H1"
"264",19129,1994,42,42,100,2009,84019129,"Mills County","IA",19,129,"H1"
"265",19131,1993,16,16,100,2008,84019131,"Mitchell County","IA",19,131,"H1"
"266",19133,1999,24,24,100,2014,84019133,"Monona County","IA",19,133,"H1"
"267",19137,1995,48,48,100,2010,84019137,"Montgomery County","IA",19,137,"H1"
"268",19139,1996,72,330,21.8181818181818,2011,84019139,"Muscatine County","IA",19,139,"H1"
"269",19139,1997,32,330,9.6969696969697,2012,84019139,"Muscatine County","IA",19,139,"H1"
"270",19139,1998,12,330,3.63636363636364,2013,84019139,"Muscatine County","IA",19,139,"H1"
"271",19139,2001,48,330,14.5454545454545,2016,84019139,"Muscatine County","IA",19,139,"H1"
"272",19139,2006,114,330,34.5454545454545,2021,84019139,"Muscatine County","IA",19,139,"H1"
"273",19139,2018,52,330,15.7575757575758,2033,84019139,"Muscatine County","IA",19,139,"H1"
"274",19141,1988,23,93,24.7311827956989,2003,84019141,"O'Brien County","IA",19,141,"H1"
"275",19141,1992,8,93,8.60215053763441,2007,84019141,"O'Brien County","IA",19,141,"H1"
"276",19141,1997,24,93,25.8064516129032,2012,84019141,"O'Brien County","IA",19,141,"H1"
"277",19141,1999,14,93,15.0537634408602,2014,84019141,"O'Brien County","IA",19,141,"H1"
"278",19141,2014,24,93,25.8064516129032,2029,84019141,"O'Brien County","IA",19,141,"H1"
"279",19143,1995,16,16,100,2010,84019143,"Osceola County","IA",19,143,"H1"
"280",19145,1995,48,118,40.6779661016949,2010,84019145,"Page County","IA",19,145,"H1"
"281",19145,1996,24,118,20.3389830508475,2011,84019145,"Page County","IA",19,145,"H1"
"282",19145,1998,46,118,38.9830508474576,2013,84019145,"Page County","IA",19,145,"H1"
"283",19147,1992,32,67,47.7611940298507,2007,84019147,"Palo Alto County","IA",19,147,"H1"
"284",19147,1997,11,67,16.4179104477612,2012,84019147,"Palo Alto County","IA",19,147,"H1"
"285",19147,1999,24,67,35.8208955223881,2014,84019147,"Palo Alto County","IA",19,147,"H1"
"286",19149,1994,24,74,32.4324324324324,2009,84019149,"Plymouth County","IA",19,149,"H1"
"287",19149,1995,24,74,32.4324324324324,2010,84019149,"Plymouth County","IA",19,149,"H1"
"288",19149,2004,26,74,35.1351351351351,2019,84019149,"Plymouth County","IA",19,149,"H1"
"289",19153,1988,5,6985,0.0715819613457409,2003,84019153,"Polk County","IA",19,153,"H1"
"290",19153,1989,104,6985,1.48890479599141,2004,84019153,"Polk County","IA",19,153,"H1"
"291",19153,1990,232,6985,3.32140300644238,2005,84019153,"Polk County","IA",19,153,"H1"
"292",19153,1991,207,6985,2.96349319971367,2006,84019153,"Polk County","IA",19,153,"H1"
"293",19153,1992,108,6985,1.546170365068,2007,84019153,"Polk County","IA",19,153,"H1"
"294",19153,1993,70,6985,1.00214745884037,2008,84019153,"Polk County","IA",19,153,"H1"
"295",19153,1994,141,6985,2.01861130994989,2009,84019153,"Polk County","IA",19,153,"H1"
"296",19153,1995,468,6985,6.70007158196135,2010,84019153,"Polk County","IA",19,153,"H1"
"297",19153,1996,205,6985,2.93486041517538,2011,84019153,"Polk County","IA",19,153,"H1"
"298",19153,1997,261,6985,3.73657838224767,2012,84019153,"Polk County","IA",19,153,"H1"
"299",19153,1998,104,6985,1.48890479599141,2013,84019153,"Polk County","IA",19,153,"H1"
"300",19153,1999,95,6985,1.36005726556908,2014,84019153,"Polk County","IA",19,153,"H1"
"301",19153,2000,92,6985,1.31710808876163,2015,84019153,"Polk County","IA",19,153,"H1"
"302",19153,2001,8,6985,0.114531138153185,2016,84019153,"Polk County","IA",19,153,"H1"
"303",19153,2003,40,6985,0.572655690765927,2018,84019153,"Polk County","IA",19,153,"H1"
"304",19153,2004,146,6985,2.09019327129563,2019,84019153,"Polk County","IA",19,153,"H1"
"305",19153,2005,82,6985,1.17394416607015,2020,84019153,"Polk County","IA",19,153,"H1"
"306",19153,2006,318,6985,4.55261274158912,2021,84019153,"Polk County","IA",19,153,"H1"
"307",19153,2007,215,6985,3.07802433786686,2022,84019153,"Polk County","IA",19,153,"H1"
"308",19153,2008,346,6985,4.95347172512527,2023,84019153,"Polk County","IA",19,153,"H1"
"309",19153,2009,432,6985,6.18468146027201,2024,84019153,"Polk County","IA",19,153,"H1"
"310",19153,2010,620,6985,8.87616320687187,2025,84019153,"Polk County","IA",19,153,"H1"
"311",19153,2011,533,6985,7.63063707945598,2026,84019153,"Polk County","IA",19,153,"H1"
"312",19153,2012,683,6985,9.7780959198282,2027,84019153,"Polk County","IA",19,153,"H1"
"313",19153,2013,320,6985,4.58124552612742,2028,84019153,"Polk County","IA",19,153,"H1"
"314",19153,2014,461,6985,6.59985683607731,2029,84019153,"Polk County","IA",19,153,"H1"
"315",19153,2015,226,6985,3.23550465282749,2030,84019153,"Polk County","IA",19,153,"H1"
"316",19153,2016,55,6985,0.78740157480315,2031,84019153,"Polk County","IA",19,153,"H1"
"317",19153,2017,123,6985,1.76091624910523,2032,84019153,"Polk County","IA",19,153,"H1"
"318",19153,2018,255,6985,3.65068002863278,2033,84019153,"Polk County","IA",19,153,"H1"
"319",19153,2019,30,6985,0.429491768074445,2034,84019153,"Polk County","IA",19,153,"H1"
"320",19153,8888,0,6985,0,8888,84019153,"Polk County","IA",19,153,"H1"
"321",19155,1987,3,1155,0.25974025974026,2002,84019155,"Pottawattamie County","IA",19,155,"H1"
"322",19155,1988,12,1155,1.03896103896104,2003,84019155,"Pottawattamie County","IA",19,155,"H1"
"323",19155,1989,28,1155,2.42424242424242,2004,84019155,"Pottawattamie County","IA",19,155,"H1"
"324",19155,1990,12,1155,1.03896103896104,2005,84019155,"Pottawattamie County","IA",19,155,"H1"
"325",19155,1991,2,1155,0.173160173160173,2006,84019155,"Pottawattamie County","IA",19,155,"H1"
"326",19155,1992,8,1155,0.692640692640693,2007,84019155,"Pottawattamie County","IA",19,155,"H1"
"327",19155,1993,16,1155,1.38528138528139,2008,84019155,"Pottawattamie County","IA",19,155,"H1"
"328",19155,1996,202,1155,17.4891774891775,2011,84019155,"Pottawattamie County","IA",19,155,"H1"
"329",19155,1997,90,1155,7.79220779220779,2012,84019155,"Pottawattamie County","IA",19,155,"H1"
"330",19155,1998,12,1155,1.03896103896104,2013,84019155,"Pottawattamie County","IA",19,155,"H1"
"331",19155,1999,225,1155,19.4805194805195,2014,84019155,"Pottawattamie County","IA",19,155,"H1"
"332",19155,2001,62,1155,5.36796536796537,2016,84019155,"Pottawattamie County","IA",19,155,"H1"
"333",19155,2004,142,1155,12.2943722943723,2019,84019155,"Pottawattamie County","IA",19,155,"H1"
"334",19155,2006,18,1155,1.55844155844156,2021,84019155,"Pottawattamie County","IA",19,155,"H1"
"335",19155,2008,98,1155,8.48484848484849,2023,84019155,"Pottawattamie County","IA",19,155,"H1"
"336",19155,2010,36,1155,3.11688311688312,2025,84019155,"Pottawattamie County","IA",19,155,"H1"
"337",19155,2011,76,1155,6.58008658008658,2026,84019155,"Pottawattamie County","IA",19,155,"H1"
"338",19155,2013,40,1155,3.46320346320346,2028,84019155,"Pottawattamie County","IA",19,155,"H1"
"339",19155,2018,70,1155,6.06060606060606,2033,84019155,"Pottawattamie County","IA",19,155,"H1"
"340",19155,8888,3,1155,0.25974025974026,8888,84019155,"Pottawattamie County","IA",19,155,"H1"
"341",19157,1990,24,168,14.2857142857143,2005,84019157,"Poweshiek County","IA",19,157,"H1"
"342",19157,1993,24,168,14.2857142857143,2008,84019157,"Poweshiek County","IA",19,157,"H1"
"343",19157,1999,24,168,14.2857142857143,2014,84019157,"Poweshiek County","IA",19,157,"H1"
"344",19157,2001,39,168,23.2142857142857,2016,84019157,"Poweshiek County","IA",19,157,"H1"
"345",19157,2016,57,168,33.9285714285714,2031,84019157,"Poweshiek County","IA",19,157,"H1"
"346",19161,1998,16,25,64,2013,84019161,"Sac County","IA",19,161,"H1"
"347",19161,2007,9,25,36,2022,84019161,"Sac County","IA",19,161,"H1"
"348",19163,1992,36,2026,1.77690029615005,2007,84019163,"Scott County","IA",19,163,"H1"
"349",19163,1993,245,2026,12.0927936821323,2008,84019163,"Scott County","IA",19,163,"H1"
"350",19163,1994,26,2026,1.28331688055281,2009,84019163,"Scott County","IA",19,163,"H1"
"351",19163,1998,62,2026,3.06021717670286,2013,84019163,"Scott County","IA",19,163,"H1"
"352",19163,1999,32,2026,1.57946692991115,2014,84019163,"Scott County","IA",19,163,"H1"
"353",19163,2000,32,2026,1.57946692991115,2015,84019163,"Scott County","IA",19,163,"H1"
"354",19163,2002,86,2026,4.24481737413623,2017,84019163,"Scott County","IA",19,163,"H1"
"355",19163,2004,100,2026,4.93583415597236,2019,84019163,"Scott County","IA",19,163,"H1"
"356",19163,2005,165,2026,8.14412635735439,2020,84019163,"Scott County","IA",19,163,"H1"
"357",19163,2006,250,2026,12.3395853899309,2021,84019163,"Scott County","IA",19,163,"H1"
"358",19163,2007,73,2026,3.60315893385982,2022,84019163,"Scott County","IA",19,163,"H1"
"359",19163,2008,42,2026,2.07305034550839,2023,84019163,"Scott County","IA",19,163,"H1"
"360",19163,2009,324,2026,15.9921026653504,2024,84019163,"Scott County","IA",19,163,"H1"
"361",19163,2010,273,2026,13.4748272458045,2025,84019163,"Scott County","IA",19,163,"H1"
"362",19163,2011,41,2026,2.02369200394867,2026,84019163,"Scott County","IA",19,163,"H1"
"363",19163,2013,98,2026,4.83711747285291,2028,84019163,"Scott County","IA",19,163,"H1"
"364",19163,2017,141,2026,6.95952615992103,2032,84019163,"Scott County","IA",19,163,"H1"
"365",19163,8888,0,2026,0,8888,84019163,"Scott County","IA",19,163,"H1"
"366",19165,2012,27,27,100,2027,84019165,"Shelby County","IA",19,165,"H1"
"367",19167,1987,52,138,37.6811594202899,2002,84019167,"Sioux County","IA",19,167,"H1"
"368",19167,1988,12,138,8.69565217391304,2003,84019167,"Sioux County","IA",19,167,"H1"
"369",19167,1991,32,138,23.1884057971014,2006,84019167,"Sioux County","IA",19,167,"H1"
"370",19167,1999,16,138,11.5942028985507,2014,84019167,"Sioux County","IA",19,167,"H1"
"371",19167,2015,14,138,10.1449275362319,2030,84019167,"Sioux County","IA",19,167,"H1"
"372",19167,2016,12,138,8.69565217391304,2031,84019167,"Sioux County","IA",19,167,"H1"
"373",19169,1987,16,550,2.90909090909091,2002,84019169,"Story County","IA",19,169,"H1"
"374",19169,1991,24,550,4.36363636363636,2006,84019169,"Story County","IA",19,169,"H1"
"375",19169,1992,74,550,13.4545454545455,2007,84019169,"Story County","IA",19,169,"H1"
"376",19169,1996,48,550,8.72727272727273,2011,84019169,"Story County","IA",19,169,"H1"
"377",19169,1997,39,550,7.09090909090909,2012,84019169,"Story County","IA",19,169,"H1"
"378",19169,2003,99,550,18,2018,84019169,"Story County","IA",19,169,"H1"
"379",19169,2005,56,550,10.1818181818182,2020,84019169,"Story County","IA",19,169,"H1"
"380",19169,2011,194,550,35.2727272727273,2026,84019169,"Story County","IA",19,169,"H1"
"381",19171,1993,24,48,50,2008,84019171,"Tama County","IA",19,171,"H1"
"382",19171,2011,24,48,50,2026,84019171,"Tama County","IA",19,171,"H1"
"383",19173,1992,16,16,100,2007,84019173,"Taylor County","IA",19,173,"H1"
"384",19175,1992,24,165,14.5454545454545,2007,84019175,"Union County","IA",19,175,"H1"
"385",19175,1997,24,165,14.5454545454545,2012,84019175,"Union County","IA",19,175,"H1"
"386",19175,2003,31,165,18.7878787878788,2018,84019175,"Union County","IA",19,175,"H1"
"387",19175,2009,24,165,14.5454545454545,2024,84019175,"Union County","IA",19,175,"H1"
"388",19175,2011,24,165,14.5454545454545,2026,84019175,"Union County","IA",19,175,"H1"
"389",19175,2012,38,165,23.030303030303,2027,84019175,"Union County","IA",19,175,"H1"
"390",19179,2004,12,112,10.7142857142857,2019,84019179,"Wapello County","IA",19,179,"H1"
"391",19179,2005,19,112,16.9642857142857,2020,84019179,"Wapello County","IA",19,179,"H1"
"392",19179,2006,35,112,31.25,2021,84019179,"Wapello County","IA",19,179,"H1"
"393",19179,2019,46,112,41.0714285714286,2034,84019179,"Wapello County","IA",19,179,"H1"
"394",19181,1988,46,455,10.1098901098901,2003,84019181,"Warren County","IA",19,181,"H1"
"395",19181,1989,237,455,52.0879120879121,2004,84019181,"Warren County","IA",19,181,"H1"
"396",19181,1990,16,455,3.51648351648352,2005,84019181,"Warren County","IA",19,181,"H1"
"397",19181,2011,40,455,8.79120879120879,2026,84019181,"Warren County","IA",19,181,"H1"
"398",19181,2012,116,455,25.4945054945055,2027,84019181,"Warren County","IA",19,181,"H1"
"399",19183,1988,4,82,4.8780487804878,2003,84019183,"Washington County","IA",19,183,"H1"
"400",19183,1989,20,82,24.390243902439,2004,84019183,"Washington County","IA",19,183,"H1"
"401",19183,1991,4,82,4.8780487804878,2006,84019183,"Washington County","IA",19,183,"H1"
"402",19183,1999,24,82,29.2682926829268,2014,84019183,"Washington County","IA",19,183,"H1"
"403",19183,2016,30,82,36.5853658536585,2031,84019183,"Washington County","IA",19,183,"H1"
"404",19187,1988,3,274,1.09489051094891,2003,84019187,"Webster County","IA",19,187,"H1"
"405",19187,1992,8,274,2.91970802919708,2007,84019187,"Webster County","IA",19,187,"H1"
"406",19187,1996,47,274,17.1532846715328,2011,84019187,"Webster County","IA",19,187,"H1"
"407",19187,1997,74,274,27.007299270073,2012,84019187,"Webster County","IA",19,187,"H1"
"408",19187,2008,100,274,36.4963503649635,2023,84019187,"Webster County","IA",19,187,"H1"
"409",19187,2014,42,274,15.3284671532847,2029,84019187,"Webster County","IA",19,187,"H1"
"410",19187,8888,0,274,0,8888,84019187,"Webster County","IA",19,187,"H1"
"411",19189,1992,24,64,37.5,2007,84019189,"Winnebago County","IA",19,189,"H1"
"412",19189,2001,16,64,25,2016,84019189,"Winnebago County","IA",19,189,"H1"
"413",19189,2014,24,64,37.5,2029,84019189,"Winnebago County","IA",19,189,"H1"
"414",19191,1987,6,22,27.2727272727273,2002,84019191,"Winneshiek County","IA",19,191,"H1"
"415",19191,1998,16,22,72.7272727272727,2013,84019191,"Winneshiek County","IA",19,191,"H1"
"416",19191,8888,0,22,0,8888,84019191,"Winneshiek County","IA",19,191,"H1"
"417",19193,1992,72,952,7.56302521008403,2007,84019193,"Woodbury County","IA",19,193,"H1"
"418",19193,1996,137,952,14.390756302521,2011,84019193,"Woodbury County","IA",19,193,"H1"
"419",19193,1997,68,952,7.14285714285714,2012,84019193,"Woodbury County","IA",19,193,"H1"
"420",19193,1998,24,952,2.52100840336134,2013,84019193,"Woodbury County","IA",19,193,"H1"
"421",19193,1999,24,952,2.52100840336134,2014,84019193,"Woodbury County","IA",19,193,"H1"
"422",19193,2002,130,952,13.6554621848739,2017,84019193,"Woodbury County","IA",19,193,"H1"
"423",19193,2004,22,952,2.3109243697479,2019,84019193,"Woodbury County","IA",19,193,"H1"
"424",19193,2006,154,952,16.1764705882353,2021,84019193,"Woodbury County","IA",19,193,"H1"
"425",19193,2007,24,952,2.52100840336134,2022,84019193,"Woodbury County","IA",19,193,"H1"
"426",19193,2008,101,952,10.609243697479,2023,84019193,"Woodbury County","IA",19,193,"H1"
"427",19193,2010,17,952,1.78571428571429,2025,84019193,"Woodbury County","IA",19,193,"H1"
"428",19193,2013,61,952,6.40756302521008,2028,84019193,"Woodbury County","IA",19,193,"H1"
"429",19193,2015,59,952,6.19747899159664,2030,84019193,"Woodbury County","IA",19,193,"H1"
"430",19193,2018,41,952,4.30672268907563,2033,84019193,"Woodbury County","IA",19,193,"H1"
"431",19193,2019,18,952,1.89075630252101,2034,84019193,"Woodbury County","IA",19,193,"H1"
"432",19193,8888,0,952,0,8888,84019193,"Woodbury County","IA",19,193,"H1"
"433",19195,1991,28,28,100,2006,84019195,"Worth County","IA",19,195,"H1"
"434",19197,1993,24,48,50,2008,84019197,"Wright County","IA",19,197,"H1"
"435",19197,1994,24,48,50,2009,84019197,"Wright County","IA",19,197,"H1"
