"","Fips","Country","High School Graduation Rate","High School Graduates With College Intentions","Adequate Yearly Progress in Math","Adequate Yearly Progress in Reading","Classroom Language Barriers","Student-Computer Ratios","Student-Teacher Ratios","Teacher Education Levels","School District Property Tax Capacity","School District Property Tax Effort","Hospital Access","Nursing Home and Residential Care Access","Primary Medical Care Access","Dental Care Access","Uninsured Population","Teen Mothers","Low Birthweight Births","Young Children Living With a Single Parent","Young Children With All Parents in Labor Force","Juvenile Delinquency","Child Maltreatment","Poverty Rate","Low-Income Elderly Residents","Food Assistance Program Recipients","Family Investment Program (TANF)","Free and Reduced School Lunch","Income Inequality","Housing Affordability Index","Cost-Burdened Renter Households","Cost-Burdened Owner Households","Cultural and Environmental Organizations","Natural Amenities","Public Spending on Parks and Recreation","Access to Parks","Recreational Trails","Voting Rate","Census Participation Rate","Assets of Public Charities","Library Usage","Religious Adherence","Religious Diversity","Racial and Ethnic Diversity","Recent Immigrants","Political Party Imbalance","Cluster"
"1","19000","Iowa",0.892648225991358,0.780807077728627,0.767703801087217,0.706093526606347,0.0475828054678277,2.26822606853379,14.0385862516213,0.327732578705341,1,1,3.84393808338162,12.5635390491259,1081.32779349363,0,0.104,79.1459013576216,0.067545970097955,0.271829600311149,0.742,36.1365123320603,16.096482067299,0.127,6.68502354854828,134.199101811016,12.9273245015103,0.402889726548688,0.4281,2.40431309587521,0.446834613939601,0.196678770033402,0.705104953296645,4.04008132442637,70.8980461656861,0.664178009457204,0.859758840984632,0.676220093882656,0.79,7180.30354954382,6.57745441822955,0.539,68.0332192926391,0.113,0.0182530160612558,0.322036889993083,2
"2","19001","Adair",0.972222222222222,0.810810810810811,0.769911504424779,0.693215339233038,0.00116414435389988,1.70611854684512,10.79125,0.1375,0.817563345939767,1.07859294776416,3.25436084353033,24.0822702421244,1528.4,NA,0.104,61.9469026548673,0.0663716814159292,0.226824457593688,0.842,30.1910043130006,6.16142945163278,0.112,6.6747572815534,116.695628926614,8.2876620772624,0.410942956926659,0.399,1.9591373915965,0.33033033033033,0.196210027635215,0.650872168706066,5.12247071352503,41.4830178895515,0.527206456651914,0,0.686241037896893,0.81,1097.50026571011,4.72891760904685,0.504,NA,0.023,0.0016885309780491,0.39161653405783,3
"3","19003","Adams",1,0.725490196078431,0.819767441860465,0.680232558139535,0.0115830115830116,1.31603053435115,10.8851063829787,0.297872340425532,1.52753461408085,0.615480292583028,5.46041201290643,29.0394638868206,4077,NA,0.126,84.5070422535211,0.0985915492957746,0.21031746031746,0.839,35,27.5,0.134,5.19815473065266,120.429557657888,8.94911787266684,0.457528957528958,0.4445,1.82702921895064,0.319838056680162,0.209268645908762,1.48920327624721,5.75079872204473,12.1660305343511,0.523206751054852,0,0.709096753455481,0.8,5200.21328671329,9.61169801597526,0.35,NA,0.027,0.000979192166462668,0.340092493774457,2
"4","19005","Allamakee",0.943502824858757,0.803468208092486,0.761904761904762,0.692491060786651,0.0800355713650511,1.8306905370844,14.7187919463087,0.25503355704698,1.18861244154361,0.673397495394152,1.74459176552687,22.3307745987439,1840.25,NA,0.162,89.6686159844055,0.0604288499025341,0.235803657362849,0.727,26.0269677014738,12.5431169645657,0.151,10.0799443865137,124.183465617757,17.4896396712791,0.545575811471765,0.3679,2.29531170375403,0.324828263002944,0.211927582534611,0.372179576645732,6.52822151224707,59.948634766153,0.451570132588974,0,0.634051412020275,0.69,653.08389379291,5.16194387405886,0.646,NA,0.07,0.0269760290726116,0.447455523376086,3
"5","19007","Appanoose",0.878571428571429,0.774647887323944,0.759326113116727,0.711191335740072,0.00533721494420184,2.6491847826087,12.6454545454545,0.363636363636364,0.655079781055024,1.84666440519259,1.93993947388841,13.3467835803523,1306.5,31.1,0.123,120.614035087719,0.0723684210526316,0.329024676850764,0.73,56.8060021436227,21.793497677742,0.163,12.3827392120075,184.015748031496,21.1811023622047,0.473556525958273,0.4317,2.08061311382345,0.449342614075793,0.257471264367816,1.1380978246812,6.27263045793397,17.7320816569811,0.134709397066812,0.386493911142857,0.635895364104636,0.75,1378.2304055638,4.49394038650508,0.395,65.6087022057754,0.032,0.00410026303574192,0.33340860336457,3
"6","19009","Audubon",0.959183673469388,0.807692307692308,0.84192439862543,0.681506849315068,0.00397350993377483,1.20215384615385,13.0413793103448,0.172413793103448,1.49032868515615,0.609571415949362,4.08563490766465,30.0702729204118,1607.5,NA,0.129,94.9720670391062,0.0837988826815642,0.280555555555556,0.882,5.79950289975145,14.0845070422535,0.098,7.04225352112676,98.9847715736041,6.42978003384095,0.340397350993377,0.4306,1.70172084130019,0.193467336683417,0.166273027869627,1.47082856675927,4.74973375931843,48.5823510672189,0.445007354142834,1.22399786779539,0.745481607484584,0.82,596.525936360623,5.93066801619433,0.788,NA,0.018,0,0.371652816251154,3
"7","19011","Benton",0.872549019607843,0.816949152542373,0.780471821756225,0.719711853307138,0.00393184796854522,2.73206599713056,13.6168498168498,0.435897435897436,1.02662411633798,0.930773239276362,0.958736002454364,9.51066114434729,2996.44444444444,NA,0.092,57.1095571095571,0.0629370629370629,0.2072707542051,0.804,26.9670050761421,11.4213197969543,0.09,4.78812544888676,97.7271847291594,7.24048476400666,0.297509829619921,0.3755,2.30603834438273,0.307962529274005,0.186876577334455,0.58802474817201,2.91799787007455,56.3385505526296,0.337666820064427,0.962778356894271,0.722583619320801,0.82,1593.84433926108,6.2146996951874,0.53,NA,0.0259999999999999,0.00571121928782245,0.295462437782151,3
"8","19013","Black Hawk",0.838760921366164,0.759036144578313,0.668038019577245,0.620053893064814,0.0560933634505755,2.27733588272785,13.9687306501548,0.301857585139319,0.982211047898876,1.00274937393611,4.55412312151957,10.847509344725,906.769230769231,NA,0.112,87.8405053296486,0.0852743782076589,0.348939036712698,0.685,46.3048911103177,20.0999642984648,0.164,5.26399744775881,153.724776209983,18.6011227431346,0.485210282886953,0.437,2.72847622680459,0.54048309178744,0.185743254661184,0.617896101914715,3.54632587859425,88.052907871156,0.878137157677931,1.04655908698036,0.649918119641653,0.79,6893.38786307764,5.02137077838595,0.543,NA,0.161,0.0146932185145318,0.357653023000275,2
"9","19015","Boone",0.900355871886121,0.785454545454545,0.778743315508021,0.72812291249165,0.00877872450296927,1.93264064875824,14.6579150579151,0.324324324324324,0.937243970821425,1.11974748819613,0.950353531513723,44.8947008287083,1280.47619047619,30.4,0.095,71.1938663745893,0.0755750273822563,0.227432590855803,0.684,31.7693059628544,16.6177908113392,0.099,2.7403516784654,109.524718457721,10.9562893682,0.335140717789827,0.4086,2.2546624791594,0.427029563585171,0.208292079207921,0.785625586051344,3.24813631522897,32.8393018356906,0.648559264046225,0.806173742382232,0.721045021688189,0.81,3640.52508093696,4.44449096098953,0.533,65.9294356476074,0.042,0.00147839272175891,0.317499717928467,3
"10","19017","Bremer",0.963235294117647,0.852380952380952,0.826716738197425,0.766630901287554,0.0251923076923077,2.61066666666667,13.4895480225989,0.338983050847458,0.94451061813903,1.02411361728084,2.05964738836711,11.6164112703905,1735.57142857143,38,0.076,53.4458509142053,0.0759493670886076,0.176143386897404,0.768,24.1770503998512,8.36897898456388,0.076,2.52931708438722,56.905919359451,4.04428285469178,0.208653846153846,0.4059,2.38813129582677,0.358565737051793,0.161851947381996,1.05728565936178,3.45047923322684,78.9109367789571,0.663247652001977,1.14481411295647,0.701444874882211,0.86,2676.3567192455,10.335883797054,0.702,50.7679288075734,0.034,0.00775865626676571,0.315802438723981,3
"11","19019","Buchanan",0.920792079207921,0.757575757575758,0.767204757858963,0.682242990654206,0.0406395736175883,2.83805220883534,13.9945812807882,0.226600985221675,0.956217171367954,1.0843570142349,5.72573718866304,6.5368832903903,3037,28.5,0.103,56.1797752808989,0.0696629213483146,0.182983682983683,0.757,24.6781115879828,10.9084406294707,0.108,4.23472474289171,94.6900964568809,6.68513036004202,0.296469020652898,0.3845,2.08458608939667,0.351615326821938,0.173058933582788,0.620288195438496,3.36528221512247,47.8023283440247,0.209275694245634,1.13229593550348,0.690684039087948,0.76,597.188667973044,6.73290103442952,0.635,65.1149919047158,0.029,0.00171249167538769,0.292547685938193,3
"12","19021","Buena Vista",0.756172839506173,0.702194357366771,0.70473328324568,0.625845229151014,0.263653939101015,2.13810316139767,12.7889632107023,0.160535117056856,1.02363353818532,0.908085145859982,1.23395853899309,17.2754195459033,1994.6,30.5,0.152,127.777777777778,0.0633333333333333,0.275956284153005,0.824,77.2824605801051,19.0772824605801,0.109,12.0805369127517,128.739316239316,10.6351981351981,0.621072982116965,0.4197,1.96771047784159,0.331222601071603,0.162358797625886,0.871997367555117,4.21725239616613,46.9364392016326,0.577492596248766,0.275274815658253,0.54551924943384,0.75,1404.00639517789,5.11183169075218,0.625,66.9795728659194,0.321,0.0774977587409104,0.344866655046191,3
"13","19023","Butler",0.964539007092199,0.795620437956204,0.761969904240766,0.708618331053352,0.00203045685279188,1.65657407407407,13.0788321167883,0.0875912408759124,0.720149655838481,1.28525395697606,0,19.7080782942087,4958,NA,0.106,43.298969072165,0.0494845360824742,0.196494464944649,0.761,28.9732770745429,13.5021097046414,0.098,4.60223537146614,88.949686373949,7.80728680101428,0.336040609137056,0.3914,1.85407176536402,0.348814229249012,0.155409566824061,0.672630658505415,2.61980830670927,46.0425927154515,0.467814622990516,1.23859378058943,0.662671682267518,0.81,169.156871276525,8.50053043362949,0.707,NA,0.0209999999999999,0.00369301013899147,0.479720571368992,4
"14","19025","Calhoun",0.950413223140496,0.827868852459016,0.826666666666667,0.746290801186944,0,1.53154305200341,12.1046153846154,0.123076923076923,1.43856196195204,0.523725023743628,2.58531540847983,29.0589451913133,2037.6,NA,0.108,81.570996978852,0.0876132930513595,0.264659270998415,0.675,15.984015984016,17.4825174825175,0.121,4.87372618520159,103.037642547179,6.55969320819457,0.370349170005724,0.4199,1.6196341160813,0.316568047337278,0.157894736842105,0.689417442261289,3.90841320553781,43.6907157229089,0.579731127197518,0.934311144105067,0.66624509927912,0.8,2988.61339081654,8.5206983638959,0.887,NA,0.0209999999999999,0.0016403526758253,0.36331864458289,3
"15","19027","Carroll",0.924882629107981,0.820388349514563,0.813141683778234,0.783367556468172,0.00991987790919496,1.80878477306003,12.7764705882353,0.251336898395722,1.45430499954366,0.482116146952519,5.57263643351268,16.6218293620292,1103.68421052632,47.8,0.091,61.25,0.055,0.225628448804414,0.844,21.8130878527116,14.6087652591555,0.095,5.17732332384157,91.7066550336872,7.07672919393146,0.338801983975582,0.4219,2.2086681377243,0.452342487883683,0.17452113104287,0.864719446579554,5.00532481363152,106.330200830034,0.683560722521138,1.09784495393015,0.688179608545478,0.83,8489.00898806385,5.89656846090375,0.881,51.8157215397554,0.0329999999999999,0.00173002066413571,0.290459849004804,2
"16","19029","Cass",0.886363636363636,0.72,0.800200803212851,0.715577889447236,0.0142509558567953,1.54516740366393,11.9,0.222222222222222,1.06876734872646,0.760146203267857,1.79134422470622,21.5677844654629,14099,43.4,0.113,95.1374207188161,0.0739957716701903,0.316973415132924,0.714,60.0844430009743,16.239038648912,0.134,5.90687977762335,145.667856882606,11.1491656343365,0.407368786930831,0.4141,2.02683138693176,0.362738643844635,0.199952729851099,0.549345562243241,4.90947816826411,23.5768903993203,0.550229292060762,0.233185011882345,0.680289364900413,0.79,1317.41944705797,10.141472303207,0.615,61.7818951689381,0.0329999999999999,0.00768236645605974,0.509238115009342,1
"17","19031","Cedar",0.855203619909502,0.842105263157895,0.800738007380074,0.739290989660266,0.00289939112786315,2.1420506164828,12.9529644268775,0.130434782608696,1.15045739030665,0.798120349401592,0,12.8655603005568,1862,NA,0.089,45.2261306532663,0.0603015075376884,0.226544622425629,0.81,16.4308534915564,11.8667275216796,0.081,2.38518890867522,85.1976542137272,4.99565595134665,0.277181791823717,0.3466,2.27878745351203,0.304284676833696,0.183545349413514,0.756797664738635,3.32268370607029,51.5660809778457,0.53143413157468,0.143063697843992,0.691321077383497,0.79,1351.90190217391,6.3836583323364,0.432,NA,0.0329999999999999,0.0049926737938894,0.320403548443208,3
"18","19033","Cerro Gordo",0.888631090487239,0.819905213270142,0.71505376344086,0.673679498657117,0.00634184068058778,2.42284678150499,14.1023696682464,0.184834123222749,1.28660575200667,0.592245791525808,7.83674208964689,15.6734841792938,491.811111111111,63.9,0.099,83.2177531206657,0.0547850208044383,0.340867663142545,0.767,51.834217076074,24.672654474624,0.135,3.9182074201053,150.429341372065,8.54115282725861,0.431245166279969,0.4356,2.39705914341026,0.424577861163227,0.215238227531602,0.845582961503326,3.66347177848775,65.1135544340303,0.872573667640597,0.171535525778805,0.692911106608389,0.81,12661.1918384997,7.46486498887334,0.678,63.7882148467147,0.0740000000000001,0.00755553544767679,0.320037955631176,1
"19","19035","Cherokee",0.893805309734513,0.852173913043478,0.765647743813683,0.713662790697674,0.018262313226342,2.99124087591241,13.1314960629921,0.275590551181102,1.32377292988695,0.622630919284121,6.8754141815772,20.1292246520875,1668.28571428571,34.6,0.101,82.8729281767956,0.0552486187845304,0.309041835357625,0.748,28.9505428226779,12.8669079211902,0.102,3.29599025372107,101.54026452369,5.10631173614599,0.377421140011068,0.3956,1.70797932907068,0.336678832116788,0.173773724426916,1.71195051910758,3.98296059637913,50.5209194641971,0.47962226640159,0.18692946716998,0.680727349614124,0.74,3766.23585218328,9.4345213597827,0.657,66.0907149411067,0.0429999999999999,0.00323383084577114,0.378713450292398,3
"20","19037","Chickasaw",0.929936305732484,0.61038961038961,0.816492450638792,0.706976744186047,0.0149181905678537,2.01570680628272,13.1758620689655,0.324137931034483,1.24104967314153,0.613944342176396,1.44706166090522,15.3549320684943,1773.28571428571,NA,0.114,51.0440835266821,0.0278422273781903,0.21143473570658,0.656,42.9319371727749,16.4048865619546,0.099,4.3754598613639,81.5412186379928,10.1010101010101,0.305101058710298,0.4209,2.19725402631954,0.34965034965035,0.17641784353284,0.56274620146314,2.92864749733759,40.9281340638092,0.545783423104751,1.30316955983838,0.692912549144618,0.83,138.077275283155,5.4423831317424,0.771,NA,0.0309999999999999,0.00761828388131516,0.336676056338028,3
"21","19039","Clarke",0.900990099009901,0.8,0.756965944272446,0.656346749226006,0.0824175824175824,4.11141439205955,12.4427536231884,0.289855072463768,0.717576551462627,1.43406029299525,2.69222485461986,11.1996553952186,1525.16666666667,NA,0.133,125.32637075718,0.0704960835509138,0.298465829846583,0.838,27.2572402044293,18.3134582623509,0.129,8.31733845169546,175.773745997866,13.8740661686233,0.514835164835165,0.4222,1.99736899802675,0.29320987654321,0.227829313543599,0.75382295929356,4.23855165069223,63.6740934906073,0.551906095197071,0,0.634861862717175,0.77,459.050716117999,14.7273227653016,0.486,NA,0.116,0.0185925845854502,0.316473237484843,3
"22","19041","Clay",0.900523560209424,0.849162011173184,0.793946449359721,0.758741258741259,0.0102923013585838,2.26861386138614,14.6561290322581,0.225806451612903,1.14485805636862,0.86319961467008,5.93988120237595,13.9197216055679,1407.08333333333,71.9,0.111,86.5874363327674,0.0560271646859083,0.314876033057851,0.89,47.1596998928189,19.5605573419078,0.107,5.70884871550904,120.609675281643,12.8923429122236,0.428983120625772,0.4448,2.18864106286569,0.41058495821727,0.178665661515266,0.799984000319994,4.13205537806177,62.2581989167311,0.773444531109378,0.151271180033719,0.665889484728375,0.75,3972.17839059674,5.77699790666174,0.712,63.4648157624476,0.049,0.0082163847906921,0.392998112236142,3
"23","19043","Clayton",0.946308724832215,0.748299319727891,0.750673854447439,0.700808625336927,0.00395061728395062,1.5609500805153,13.1805555555556,0.270833333333333,1.12352762980108,0.799016327383978,2.75801202493243,18.5338408075459,1650.18181818182,NA,0.128,52.9100529100529,0.054673721340388,0.2272,0.731,32.9145728643216,15.3266331658291,0.129,5.83495415393165,86.0667227361929,6.72834314550042,0.387654320987654,0.386,2.09887659720436,0.374736842105263,0.177119919719017,0.956110835309909,5.74014909478168,71.9412634924114,0.520767830547741,0.212852583319433,0.664020209310718,0.75,1134.04943377373,5.83254516793986,0.686,NA,0.0309999999999999,0.00556473829201102,0.299973406612889,3
"24","19045","Clinton",0.859459459459459,0.777153558052434,0.765467171717172,0.726957070707071,0.00709740577581987,1.81539368222537,12.6555183946488,0.369565217391304,0.871428817962462,1.21481883194518,3.82767326329506,10.3835817248962,1763.14285714286,51.1,0.086,116.897506925208,0.0692520775623269,0.348629504157684,0.777,37.8325819853266,28.1092548395651,0.136,5.11174512601046,184.001477923517,19.8082804770409,0.416911404796867,0.3972,2.27201797640597,0.416996459071027,0.204063723504793,0.73295870999267,4.31309904153355,70.6882005544173,0.74470640931672,3.66329316513991,0.670757138273981,0.82,3315.83738651433,6.47793874574623,0.526,67.3636018047529,0.075,0.00467622242553624,0.355082504093715,3
"25","19047","Crawford",0.893536121673004,0.756363636363636,0.746520146520147,0.6800878477306,0.326509186351706,2.17587020648968,13.8235074626866,0.302238805970149,1.03641269849253,0.802989880871819,1.46233036967712,15.6176883481516,1670.6,24.4,0.152,113.333333333333,0.068,0.285273708558211,0.745,31.9010416666667,14.7569444444444,0.133,7.04225352112676,124.212837252296,16.9853833265931,0.583989501312336,0.4023,1.75241617682672,0.392826643894108,0.159258521028503,0.448447980034316,4.80298189563365,69.5657304696719,0.526029480580253,0.261901418361254,0.537752932839934,0.77,779.343259825201,6.04771560737596,0.653,61.0219973051432,0.266,0.0545934840035222,0.334789092458458,3
"26","19049","Dallas",0.962962962962963,0.785529715762274,0.851398312096641,0.797185430463576,0.0390970595888629,3.39283074648928,14.7272177419355,0.348790322580645,1.02484231085289,1.14434140043845,0.378014666969078,8.70945792696757,1657.84210526316,NA,0.08,29.9227799227799,0.0723938223938224,0.163137852246763,0.723,17.6313877452168,7.02349237103415,0.063,8.19455458630716,61.8200008337155,3.86288159851043,0.230288836846214,0.4117,2.54983191753498,0.373449131513648,0.191786468799918,0.342733298051964,4.08945686900958,58.7987161852361,0.254267785590081,1.07506096703362,0.744008417442812,0.78,990.175976326248,6.8586421173763,0.559,NA,0.113,0.0248046844663964,0.375103353238401,3
"27","19051","Davis",0.957446808510638,0.791666666666667,0.75,0.713684210526316,0,4.51969696969697,13.4348314606742,0.314606741573034,0.79295904130708,1.31230886938569,2.85616360105107,13.9380783731292,1442.66666666667,NA,0.167,62.200956937799,0.0454545454545455,0.146282973621103,0.606,33.1602077506992,9.58849380743108,0.168,4.58264146719155,103.464150074807,8.74669121878237,0.391304347826087,0.4076,2.12642815802448,0.403940886699507,0.216205533596838,0.913972352336342,4.72843450479233,27.2029760520809,0.376785102250657,0,0.622049789848044,0.78,359.655286218277,2.59705412194565,0.484,NA,0.023,0.0042416599793649,0.39376655123243,3
"28","19053","Decatur",0.973333333333333,0.721518987341772,0.672086720867209,0.618918918918919,0.0052863436123348,2.54517766497462,10.7978021978022,0.230769230769231,0.623680293660339,1.90027547966313,2.95613101572662,13.0069764691971,2808.66666666667,NA,0.132,109.929078014184,0.0709219858156028,0.276707530647986,0.792,34.5584201865058,15.3592978606692,0.214,11.2508272667108,189.628014055495,13.5708227311281,0.58942731277533,0.4628,2.04183121252011,0.576787807737397,0.233317993557294,0.354735721887194,4.64323748668797,62.1534195933457,0.532103582830791,0.783956697607071,0.603110419906687,0.69,687.645159343312,3.31306580191866,0.336,NA,0.0600000000000001,0.00851970181043664,0.329564107240562,3
"29","19055","Delaware",0.961389961389961,0.833333333333333,0.774734982332155,0.760389036251105,0.00388829975256274,1.45757894736842,13.2320388349515,0.228155339805825,1.05167595515353,0.909516663501466,1.407340689034,13.0038279666742,2944.66666666667,40.5,0.102,64.8464163822526,0.0767918088737201,0.207413249211356,0.839,26.7202648380232,10.8772759517616,0.105,5.59578670177749,79.9476499374075,7.56799817912826,0.365500176740898,0.3806,2.42632911392405,0.306306306306306,0.215877914951989,0.356526307888614,3.14164004259851,43.5903182429404,0.4660549425805,9.36861077487211,0.704758336455601,0.82,291.114962056858,6.14650994373573,0.701,52.9952457423966,0.02,0.00331386205347113,0.34358468573478,3
"30","19057","Des Moines",0.811111111111111,0.720823798627002,0.759641604986365,0.681588166601791,0.00502067336089781,2.35550578574095,14.0156043956044,0.382417582417582,0.710922462567837,1.4710962292054,9.37383756974581,8.97706137631742,1567.34615384615,51.7,0.097,113.543091655267,0.0752393980848153,0.406407487401008,0.699,63.7910735309858,17.7673124264155,0.154,4.10228360453986,217.352503718394,20.252850768468,0.521264028352038,0.4454,2.14794368026722,0.4518571090608,0.210726727699911,0.735689191981814,4.64323748668797,74.7951571480983,0.792882827030378,0.0684031009938748,0.661515630544891,0.8,15625.480221066,7.37508049766879,0.436,66.6144151968094,0.106,0.00621040864488883,0.445567119957457,1
"31","19059","Dickinson",0.904255319148936,0.820224719101124,0.855711422845691,0.823115577889447,0.00939143501126972,1.17597627286209,13.5916201117318,0.312849162011173,2.86427932515728,0.199065852136556,2.93994120117598,15.8996820063599,1324.30769230769,77.5,0.098,77.4058577405858,0.0502092050209205,0.226554267650158,0.843,37.811251152782,22.1334153089456,0.079,3.81000762001524,80.5444261135989,6.12773980674051,0.288504883546206,0.4366,2.99597753491196,0.467608951707892,0.210770956884116,1.35997280054399,5.20766773162939,46.7974474119593,0.819703605927881,1.99532112514224,0.743494423791822,0.64,2718.33712053968,5.6850444975038,0.751,61.2785395389482,0.025,0.00299186213499282,0.41669321439949,3
"32","19061","Dubuque",0.902143522833178,0.779761904761905,0.801405658677239,0.704959422903517,0.016568533479392,3.48884826325411,13.6405460060667,0.470171890798787,1.01366262324208,0.954567104706689,5.01852583473033,12.7385134485815,1307.80555555556,NA,0.091,75.8815232722144,0.0561354019746121,0.279242424242424,0.811,46.5263634306404,15.4333559628875,0.102,6.54432600188908,114.283310724839,14.6692324679012,0.347870738052855,0.4172,2.82302720335058,0.442371752165223,0.200778804862071,0.651340587060745,5.97444089456869,75.9871839279529,0.547756078289003,1.63923691422933,0.700665735185337,0.85,5264.08660510523,4.46082245964015,0.684,NA,0.071,0.00662898087463932,0.403966597077244,2
"33","19063","Emmet",0.943089430894309,0.75,0.72281776416539,0.670245398773006,0.0578915295551493,2.03624078624079,14.2172413793103,0.241379310344828,1.0944644110836,0.874402290768711,2.42671325956125,20.3843913803145,2109.4,38.3,0.138,108.187134502924,0.0584795321637427,0.329149232914923,0.858,40.3368794326241,18.1737588652482,0.118,7.29166666666667,120.059288537549,14.7233201581028,0.4448507007922,0.4647,1.80580291723967,0.480589022757697,0.149939172749392,0.93832912703035,4.57933972310969,57.6390876992079,0.67433508056688,0,0.59969481180061,0.72,3377.98441211401,3.14369029663147,0.744,48.5798259239292,0.095,0.028867577254674,0.314838345333898,3
"34","19065","Fayette",0.949275362318841,0.79136690647482,0.785219399538106,0.703932151117965,0.00756726457399103,1.47946353730092,14.1004081632653,0.175510204081633,0.955551212822998,1.05319169984671,2.39463601532567,18.5344827586207,2038.8,39.5,0.121,81.2324929971989,0.0784313725490196,0.279187817258883,0.717,72.6208541079558,22.1114242358552,0.123,9.4775212636695,139.518107055259,13.2736978790939,0.455437219730942,0.4006,1.93787403818752,0.371763255240444,0.18936777293888,0.734355044699872,2.46006389776358,33.0539150314346,0.655172413793103,0.134920806958812,0.642768850432633,0.82,1908.82441710771,7.40748725989808,0.699,57.3908820919382,0.0429999999999999,0.00425064476072213,0.34382003818378,3
"35","19067","Floyd",0.894117647058824,0.835443037974684,0.762755102040816,0.650127226463104,0.0222854433380749,1.95775609756098,13.7704697986577,0.348993288590604,1.10874373615562,0.763529641369917,1.53346009936821,22.7565478746243,1260.15384615385,49.4,0.105,101.243339253996,0.0568383658969805,0.290861159929701,0.794,30.6122448979592,23.093447905478,0.121,3.34753499695679,140.383657199801,11.9581464872945,0.459459459459459,0.4194,2.08298814116979,0.445850914205345,0.172625913110342,0.7156147130385,2.52396166134185,45.4960160574174,0.703919524013985,0.0593884941056247,0.673775543301979,0.82,1093.19859987554,6.03599878382487,0.589,57.9781820314721,0.0529999999999999,0.00920697274736067,0.298966138670208,3
"36","19069","Franklin",0.946236559139785,0.78804347826087,0.776969696969697,0.669891172914148,0.15114006514658,1.68905394839719,11.9869918699187,0.0975609756097561,1.02212653578153,0.944943315906962,2.34082397003745,15.5430711610487,1500,NA,0.142,103.092783505155,0.077319587628866,0.267114093959732,0.631,29.8935298935299,16.3800163800164,0.122,3.51150733462744,111.616448739814,11.085844229676,0.536156351791531,0.4095,1.82303437291492,0.338430173292559,0.184058898847631,0.905118601747815,2.36421725239617,21.9462084422861,0.611142322097378,0.0608958185283708,0.643984220907298,0.78,970.11439888164,3.88062716429396,0.646,NA,0.126,0.0343764595983185,0.464575202641849,3
"37","19071","Fremont",0.950617283950617,0.695652173913043,0.719257540603248,0.670533642691415,0.00904977375565611,1.25690890481064,12.0776699029126,0.184466019417476,1.28588295179088,0.812916816749512,3.35976347265153,18.6802849079425,1275.16666666667,NA,0.095,123.456790123457,0.106995884773663,0.305376344086021,0.746,23.8095238095238,14.4110275689223,0.118,7.51366120218579,137.959983209738,10.3539946830838,0.461538461538462,0.3986,1.86646373212641,0.370629370629371,0.152911604524508,0.403171616718183,5.9531416400426,54.6723536254362,0.367423733369171,1.17833394504206,0.667447306791569,0.73,878.796049952491,3.1567463500722,0.423,NA,0.0429999999999999,0.00214018191546281,0.407510173880873,3
"38","19073","Greene",0.955752212389381,0.7,0.772802653399668,0.714759535655058,0.00384368994234465,1.93989898989899,13.0765217391304,0.217391304347826,1.24887077407827,0.711971277647672,2.67780634104542,8.3547557840617,1375.42857142857,NA,0.102,145.833333333333,0.0902777777777778,0.293381037567084,0.844,46.8521229868228,17.0815031722792,0.144,5.17177024563217,146.400087403037,11.7994100294985,0.494554772581678,0.4329,1.80298348191459,0.398816568047337,0.180128205128205,0.464153099114539,4.29179978700745,88.8979508614538,0.494215938303342,1.33766841036729,0.68848536036036,0.76,473.373182552504,12.7376715265866,0.563,NA,0.034,0.00682157322532509,0.32914303234708,3
"39","19075","Grundy",0.931914893617021,0.831111111111111,0.816939890710383,0.749316317228806,0.00394689630426982,1.40309062336302,13.5232323232323,0.171717171717172,1.14934151961662,0.76023565651515,2.007548381916,10.9210631976231,1766.57142857143,NA,0.085,40.8163265306122,0.0793650793650794,0.160815402038505,0.73,19.1846522781775,7.53682768071257,0.064,2.07777002358939,62.4196658097686,4.73971722365039,0.27951202009329,0.3974,2.03588311130211,0.21026282853567,0.199709513435004,0.588880858695361,1.64004259850905,48.0519480519481,0.243475467758773,1.99091030999301,0.732605729877217,0.83,401.69263183241,10.9164376030786,0.608,NA,0.0209999999999999,0.00088659627629564,0.476399814900509,3
"40","19077","Guthrie",0.964912280701754,0.78735632183908,0.78515625,0.710654936461388,0.0058411214953271,1.55318885448916,12.4611940298507,0.0945273631840796,1.4090607205949,0.6397904168762,2.2822713164141,17.8930071206865,2219.6,NA,0.106,59.5611285266458,0.0940438871473354,0.229813664596273,0.732,34.1186027619821,14.2160844841592,0.104,8.0393032603841,106.337570752529,6.58810429618632,0.370327102803738,0.416,1.906,0.388268156424581,0.168276972624799,0.943338810784493,5.54845580404686,14.1043723554302,0.405331385795143,1.5526008664151,0.711966325917017,0.71,1423.30919181726,10.2306766193113,0.498,NA,0.0329999999999999,0.00673278136657265,0.3621975147155,3
"41","19079","Hamilton",0.897849462365591,0.810055865921788,0.868194842406877,0.734479465138491,0.0405453893074991,2.40668498168498,13.8168421052632,0.157894736842105,1.17929526059615,0.777453259124767,1.59509985325081,15.1853506029477,1414.72727272727,NA,0.111,91.0852713178295,0.0833333333333333,0.290076335877863,0.652,32.7232390460344,23.0171935662784,0.104,5.51914453259745,121.871741397289,10.036496350365,0.425905992106207,0.4213,1.92476879170869,0.4227240649259,0.190332326283988,0.595503945213637,2.83280085197018,87.3997637844222,0.537229630574874,0.388739183727366,0.67975805077526,0.79,317.317093577037,6.34118988785402,0.625,NA,0.085,0.0144081244049508,0.355261860143998,3
"42","19081","Hancock",0.914285714285714,0.89922480620155,0.825242718446602,0.720064724919094,0.038231780167264,1.07468852459016,13.0112,0.152,1.21828513136645,0.609039142432301,2.20439114716515,19.927695970373,5781.5,NA,0.109,61.6883116883117,0.0551948051948052,0.228758169934641,0.775,8.32342449464923,11.8906064209275,0.084,4.35949771486888,93.0483204598527,6.28704867971978,0.349462365591398,0.3612,1.73075353090048,0.337517433751743,0.17039897039897,0.411486347470829,2.49201277955272,24.486301369863,0.304646856538224,0,0.69051213564046,0.8,813.076946930097,8.83529855673993,0.67,NA,0.0529999999999999,0.00989838822704976,0.420616717635066,4
"43","19083","Hardin",0.921951219512195,0.82,0.755968169761273,0.711504424778761,0.0202746893394375,1.91299936588459,13.5142222222222,0.177777777777778,1.2764591964533,0.696655724767517,1.42580130033079,25.0370708338086,1474.66666666667,46.1,0.114,76.3636363636364,0.0927272727272727,0.302586206896552,0.757,34.0565085771948,23.2088799192735,0.12,3.5548263604047,133.568373598428,14.564790197665,0.426095487246566,0.4067,1.85595567867036,0.297749196141479,0.173629242819843,0.893502148207293,2.94994675186369,42.5496037322242,0.728299304208965,0.435675673471427,0.670340380866697,0.81,2292.64736600482,12.2906831593282,0.67,53.0111014602781,0.0629999999999999,0.00767263427109974,0.409290096406661,3
"44","19085","Harrison",0.937799043062201,0.769230769230769,0.74866785079929,0.712,0.00626086956521739,1.6153073286052,12.9099056603774,0.264150943396226,1.10936236950492,0.892541919440008,1.67470525187567,21.1682743837085,7660.5,NA,0.098,72.7650727650728,0.0623700623700624,0.23780487804878,0.719,25.2825698988697,8.3283759666865,0.102,8.65963855421687,124.278251306021,8.45477041517734,0.354086956521739,0.396,2.10604651162791,0.435336976320583,0.201862039779941,0.714540907466952,5.68690095846645,46.4909495077803,0.0540594855305466,0,0.657697121401752,0.77,1913.35662260588,5.40466055840127,0.526,NA,0.027,0.00240497027189525,0.415172892332601,4
"45","19087","Henry",0.882113821138211,0.770428015564202,0.798898071625344,0.680192572214581,0.03035413153457,1.97752161383285,12.8699248120301,0.368421052631579,0.836273478922474,1.21868760513047,3.22660709853562,13.9488706875155,1452.5,44.5,0.119,82.8488372093023,0.0566860465116279,0.311462450592885,0.627,52.9333921482135,14.9977944419938,0.138,6.31199278629396,158.331686103973,11.4152994662977,0.435637998875773,0.4595,2.27304068030338,0.506335797254488,0.203974706413731,0.959708778025978,3.6741214057508,34.0112717471208,0.656490444278977,0.239737518124845,0.623232709209018,0.8,779.255570893315,6.06048601381709,0.463,58.166101041288,0.0990000000000001,0.0219183492126179,0.401083005711742,3
"46","19089","Howard",0.926470588235294,0.8515625,0.797678275290216,0.656716417910448,0.00241837968561064,1.76626637554585,14.9296296296296,0.259259259259259,1.39612717505607,0.595348837910528,2.61342253815597,26.8659836922434,3188.33333333333,NA,0.118,53.6723163841808,0.0282485875706215,0.22663252240717,0.751,21.4827295703454,11.3732097725358,0.123,8.59752821063944,103.314859353759,9.93412109170762,0.440145102781137,0.4176,2.04894706886739,0.43978349120433,0.192055051610885,1.14990591678863,2.38551650692226,128.138886018394,0.534497177503659,0.321444121520071,0.648908053971345,0.83,948.920700470465,8.35571587125416,0.831,NA,0.0259999999999999,0.00542174955687624,0.326903890921184,3
"47","19091","Humboldt",0.923809523809524,0.868686868686869,0.87152034261242,0.802997858672377,0.0318471337579618,2.00218878248974,13.4174311926606,0.321100917431193,1.31730639804711,0.589396307525601,2.1395822720326,15.2827305145186,3229.66666666667,NA,0.109,92.3076923076923,0.0430769230769231,0.302158273381295,0.695,13.8454667262171,15.631978561858,0.097,3.68101607283354,108.335902970501,7.81169698838524,0.392993630573248,0.3968,1.75559022360894,0.331073446327684,0.116046293400063,1.0867719476991,2.50266240681576,84.2105263157895,0.618237391747326,3.73063626990902,0.692790387182911,0.76,694.926647622934,5.98536692705468,0.782,NA,0.054,0.00811359026369168,0.390625,3
"48","19093","Ida",0.992063492063492,0.828358208955224,0.833333333333333,0.824561403508772,0.010126582278481,1.91061946902655,13.6425,0.175,1.28752194564213,0.667704904689021,3.52659049231203,24.6861334461842,1158.16666666667,NA,0.106,68.4410646387833,0.0684410646387833,0.236059479553903,0.754,53.2229450029568,14.1927853341218,0.12,3.04756804761793,103.263927968486,4.78334271243669,0.333333333333333,0.4114,1.69406621430848,0.173566878980892,0.108164983164983,0.705318098462407,4.53674121405751,96.100278551532,0.37805050077585,0.857989912926506,0.680819641868193,0.78,2827.7616426757,9.07857243616871,0.842,NA,0.0259999999999999,0.000140075640846057,0.429192178550267,3
"49","19095","Iowa",0.953846153846154,0.893939393939394,0.854189336235038,0.73993471164309,0.0206301575393848,2.31580882352941,12.8647668393782,0.176165803108808,0.856230527108173,1.12880715721409,1.52858453072455,14.1241210638948,1616.2,NA,0.083,49.469964664311,0.0530035335689046,0.17516218721038,0.726,15.5919661733615,6.34249471458774,0.073,2.51361541684122,78.8807214775465,5.2504787201186,0.290697674418605,0.4187,2.32618832208226,0.396771452846219,0.204549763033175,1.120961989198,2.72630457933972,100.743494423792,0.165209416080709,0.176148343268725,0.717533252720677,0.8,307.420128676471,4.99577823306637,0.58,NA,0.0329999999999999,0.00116264839064986,0.329918571053323,3
"50","19097","Jackson",0.927966101694915,0.720833333333333,0.788359788359788,0.671075837742504,0.00602006688963211,1.45536779324056,13.446511627907,0.330232558139535,1.15990916018689,0.777775184886093,1.25957275292221,11.3865376864168,1821.90909090909,40.1,0.113,73.4094616639478,0.0636215334420881,0.320450885668277,0.751,30.7349665924276,11.5812917594655,0.112,7.19616204690832,137.428977272727,14.5596590909091,0.396655518394649,0.4123,2.39554193863505,0.370877411325451,0.215225127649698,0.82292086524251,5.91054313099042,45.1946771808773,0.561970979443773,6.97568200231212,0.678623045591906,0.83,941.162229743382,4.63411286222674,0.598,51.3246577341582,0.0309999999999999,0.00135787567893784,0.4151973131822,3
"51","19099","Jasper",0.929705215419501,0.752886836027714,0.764255319148936,0.719693747341557,0.00288919102651258,2.31584766584767,13.5085158150852,0.338199513381995,0.829683663701114,1.22630712020832,1.84571955919874,10.2057434449813,1539.95833333333,38.3,0.097,84.3570843570844,0.0728910728910729,0.262376237623762,0.723,31.8226844972759,22.5359088657751,0.108,4.37022007179647,133.435331402656,14.0156275613354,0.378823929299796,0.3986,2.33219451320554,0.490698985343856,0.225498300725636,0.850478620415106,3.4185303514377,42.1288994626961,0.514982899951143,0.706816087386526,0.687302811470238,0.8,1005.14105124908,3.78659184396197,0.438,63.2031884296705,0.042,0.0029537694433906,0.375292740046838,3
"52","19101","Jefferson",0.809160305343511,0.652173913043478,0.787923416789396,0.749631811487482,0.0269163253364541,1.71857429718875,14.1216666666667,0.391666666666667,1.29344880314676,0.755036118722151,1.4842961467672,7.4808525797067,1749.88888888889,58.2,0.146,87.4704491725768,0.0307328605200946,0.274056029232643,0.768,33.6247478143914,15.803631472764,0.174,10.2220655622136,156.400071144839,13.5175194166123,0.443534230544178,0.4595,1.91277415034321,0.511486486486487,0.225139988414752,1.58324922321835,3.24813631522897,55.4405769833804,0.666745829127828,1.17591636256688,0.61786511192687,0.77,13313.1520666072,8.89811884144521,0.373,68.526863034076,0.137,0.0641708031816279,0.341774544080129,1
"53","19103","Johnson",0.896551724137931,0.857425742574257,0.778089013383131,0.724019912881145,0.0302884325886674,3.8759012345679,15.6447138700291,0.445198836081474,1.14931816095424,0.827364225932275,10.3910392567351,5.0885530477835,272.067761806982,NA,0.099,33.4224598930481,0.0639801375095493,0.203487088942838,0.689,33.2573521168865,12.7424236762453,0.175,7.90326404805185,84.6482830461351,10.2775149100993,0.274342144878666,0.4663,3.35549224438113,0.55886575735822,0.212396481992682,0.692735950449005,4.00425985090522,122.435148003185,0.742493238184013,1.28000791367352,0.695525575961152,0.81,15592.2608502834,11.3537445884111,0.354,NA,0.169,0.0475383054994232,0.441190431509344,1
"54","19105","Jones",0.881578947368421,0.718614718614719,0.789282470481381,0.741144414168937,0.005530253741054,1.66052338530067,13.7493212669683,0.149321266968326,1.05376861925799,0.889240880732522,1.21135768969861,13.8579319701521,2273.11111111111,NA,0.101,58.3468395461912,0.0567260940032415,0.249817916970138,0.766,31.9655406937202,10.4284742688733,0.104,3.77358490566038,92.7370512137216,7.55850574155725,0.355562784645413,0.3772,2.20908463888068,0.357585139318885,0.192267029149675,0.952934715896243,3.14164004259851,74.85979029505,0.516571373195077,0.111829857377362,0.646536849889081,0.77,3220.67866847826,4.22716417910448,0.48,NA,0.045,0.00241557563167303,0.282542347016634,3
"55","19107","Keokuk",0.952380952380952,0.788819875776398,0.831989247311828,0.76043068640646,0.00212539851222104,1.21449864498645,12.7597122302158,0.136690647482014,1.20318414936647,0.73674704968524,2.37846066026068,16.3638093425935,2726.75,NA,0.118,81.5217391304348,0.0679347826086956,0.246616541353383,0.822,12.9924559932942,14.2497904442582,0.121,7.79727095516569,144.110275689223,13.4952766531714,0.32731137088204,0.3983,1.77492267428028,0.314503816793893,0.213524130190797,0.856245837693845,2.60915867944622,23.5538308816894,0.282465988012558,0,0.666499749624437,0.77,437.117845442282,4.73460721868365,0.42,NA,0.0209999999999999,0.000948047023132347,0.337841685649203,3
"56","19109","Kossuth",0.9375,0.856115107913669,0.771771771771772,0.721804511278195,0.00329722091380122,1.7960113960114,13.5521739130435,0.318840579710145,1.69964622918502,0.405356628512866,1.60844109888696,17.0494756482018,1968.25,51.7,0.098,54.3259557344064,0.0523138832997988,0.228,0.703,22.0199647680564,12.0375807398708,0.107,6.83709869203329,85.3642643034015,7.42864590121204,0.391427225624117,0.4485,1.7397271332849,0.345755693581781,0.142046494600037,1.11518582856162,2.05537806176784,70.1392792455187,0.404619442836003,0,0.752680067001675,0.76,1951.14597947519,10.0853191351211,0.894,62.9448645654489,0.027,0.000768147484316989,0.317819029683436,3
"57","19111","Lee",0.841397849462366,0.657060518731988,0.764112903225806,0.721129601613717,0.00116845180136319,3.50041724617524,14.6065902578797,0.33810888252149,0.783046435106667,1.22371439278149,4.8798170765713,13.4404104623278,1487.58333333333,33.9,0.113,122.050447518308,0.0748576078112286,0.386161757830762,0.757,35.8019904355693,25.3328163370816,0.155,6.92586179757595,193.559255411742,17.5758766880984,0.488802336903603,0.4011,1.86158305252492,0.38746838999719,0.16681455190772,0.910899187626643,4.73908413205538,47.856238648247,0.680999386537282,0.581941045189078,0.685222381635581,0.8,2394.41961202661,5.52426115674486,0.502,67.888920377466,0.0840000000000001,0.00566185083951581,0.443884261288908,3
"58","19113","Linn",0.865878516102731,0.801946677951756,0.800329579785773,0.736249399162261,0.0185078870390115,3.11967578159793,14.5644278606965,0.411276948590381,0.956984172276633,1.13572841259865,3.42760834366981,9.00930756630339,1195.09550561798,NA,0.086,69.3435005361611,0.0649350649350649,0.274344872209641,0.781,33.4064580687373,13.1432090212831,0.106,4.81425839934444,128.465593720244,11.6305534266936,0.330654200497553,0.4231,2.50961089354364,0.412833539292416,0.188142481472627,0.626501156738911,3.80191693290735,63.9376179695125,0.782611989054378,0.277739990510206,0.72682132383104,0.81,7191.65569608416,5.10641910597615,0.528,NA,0.107,0.0133802515106352,0.356420026073366,2
"59","19115","Louisa",0.818181818181818,0.755434782608696,0.674901185770751,0.603754940711462,0.0961313012895662,1.73672240802676,12.3551219512195,0.307317073170732,0.980058557627028,1.0178427507846,0,13.4363748133837,5939,NA,0.145,118.279569892473,0.0564516129032258,0.298145506419401,0.772,27.8279725334297,14.4560896277557,0.123,7.38216922203294,144.97251285689,10.9948572441922,0.524814380617429,0.3883,1.77513632262367,0.391242937853107,0.160232220609579,0.70255554579784,4.86687965921193,16.4445943666723,0.0412751383156231,0.369556705387898,0.588414992362825,0.69,278.834594071598,4.35294117647059,0.341,NA,0.182,0.022892190739461,0.358132229044695,4
"60","19117","Lucas",0.917293233082707,0.715384615384615,0.746987951807229,0.657487091222031,0.0767045454545455,2.69609375,13.7484848484848,0.222222222222222,0.692382152531152,1.38766665951996,2.80962013935716,12.4747134187458,1531.16666666667,NA,0.125,107.142857142857,0.0714285714285714,0.230072463768116,0.62,56.0975609756098,17.5609756097561,0.175,10.6323447118075,181.506849315069,15.6392694063927,0.529119318181818,0.4072,2.02389773990367,0.492154065620542,0.19620253164557,1.16130965760096,4.03620873269436,28.9217227287017,0.539784221173297,1.54826452084221,0.650372578241431,0.78,1708.39736633887,5.04133016627078,0.446,NA,0.02,0.02350072054096,0.375066406941739,3
"61","19119","Lyon",0.934210526315789,0.859154929577465,0.800747198007472,0.803482587064677,0.00834970530451866,2.9098981077147,14.0664335664336,0.146853146853147,1.25543572029636,0.630582209905931,2.15870822899577,15.801744236249,3778.33333333333,NA,0.119,27.8330019880716,0.0497017892644135,0.115490375802017,0.766,13.953488372093,7.75193798449612,0.09,1.78822826711891,60.3895551586289,4.59300842051544,0.283889980353635,0.3609,2.02851535904522,0.254237288135593,0.197019867549669,0.431741645799154,2.03407880724175,48.3843245101409,0.366721353941801,0,0.771448663853727,0.77,990.464267352185,6.58696240194752,0.871,NA,0.027,0.00155453838846187,0.67531017369727,3
"62","19121","Madison",0.953389830508475,0.733050847457627,0.801914580265096,0.775570272259014,0.00531600708800945,1.56072300928188,13.8111111111111,0.230769230769231,0.808597727552763,1.52555829231203,1.59448944447988,14.4779641558773,1772.11111111111,NA,0.091,59.4594594594595,0.0684684684684685,0.145950280673617,0.769,16.4648910411622,11.3801452784504,0.087,4.55675227837614,88.2202631915166,6.89919509390571,0.278795038393385,0.4101,2.71599240232191,0.351888667992048,0.259512612227448,1.02047324446712,4.52609158679446,37.4348748954782,0.394731806875438,6.13062733365298,0.741496008330441,0.8,436.949553203625,7.47974223186371,0.384,NA,0.028,0.0037200949265602,0.369889502762431,3
"63","19123","Mahaska",0.851282051282051,0.878612716763006,0.719118804091267,0.659323367427223,0.00621524370297677,1.86071641791045,14.6904522613065,0.14572864321608,0.903383280284882,1.08045920829735,1.11701889995979,13.0020999955319,1499.4,22.4,0.103,72.0823798627002,0.0560640732265446,0.304033714629741,0.613,19.0582959641256,24.4768310911809,0.136,7.02133405347016,175.600409927372,18.5358463663503,0.447824664703958,0.4158,2.08705381156271,0.486990672557683,0.176541717049577,0.625530583977481,4.87752928647497,20.7193470266392,0.506724453777758,1.18109437867023,0.640746591773448,0.78,859.563115845539,4.73704475448451,0.444,61.7295346348165,0.0509999999999999,0.00650826906789105,0.420777015073243,3
"64","19125","Marion",0.923076923076923,0.804245283018868,0.817901234567901,0.785966460723742,0.0106232294617564,2.35818739054291,13.8963541666667,0.213541666666667,0.867934627269134,1.14633249183684,1.50109579993395,12.068810231469,1014.9696969697,49.1,0.08,70.3125,0.0598958333333333,0.201045436268597,0.737,27.1799286680605,12.4215963596114,0.1,5.3693760414738,97.7288368891948,10.173853197283,0.311260623229462,0.404,2.46231155778894,0.414417887432537,0.171104639068026,0.740540594634083,4.38764643237487,49.7771849516476,0.649974481371401,0.494289015485965,0.701993040177159,0.82,5598.89196040198,7.37140679774425,0.602,56.6772119687494,0.044,0.00728155339805825,0.415606753270267,2
"65","19127","Marshall",0.875,0.754098360655738,0.724003127443315,0.578350918327472,0.253886010362694,2.77613452188006,13.7489919354839,0.3125,0.714950826100002,1.52807388648398,3.07518205077741,28.7837039952765,1287.12903225806,45.5,0.132,127.672209026128,0.0587885985748219,0.316855475454858,0.654,39.4838960031044,19.0143577803648,0.134,8.11359026369168,175.122989940524,16.0315245857503,0.599740932642487,0.4032,2.15344614287811,0.440912795436023,0.2159866923481,0.483828642655645,2.87539936102236,42.3461003665782,0.706676835268648,0.473671337915002,0.628236603489476,0.8,3123.54960956564,7.79801266923364,0.537,66.9593550649192,0.218,0.0461656517649389,0.317002997002997,3
"66","19129","Mills",0.894117647058824,0.71875,0.819265143992056,0.765407554671968,0.00227014755959137,1.98668206312548,14.9109826589595,0.254335260115607,0.879158723785441,1.10380724510427,0,76.9639418288067,1526.6,NA,0.089,82.8025477707006,0.0806794055201698,0.23587710604559,0.672,18.3511366748836,11.7775951794029,0.098,4.64037122969838,110.669272764036,8.62708094628294,0.375331063185774,0.39,2.39335879344941,0.430647291941876,0.211825860948668,0.752595347189942,5.75079872204473,33.2798974030138,0.389733714058038,1.72519151635739,0.647684605757196,0.78,333.936199306297,4.2279736430949,0.39,NA,0.044,0.0037718369507676,0.485311993517018,3
"67","19131","Mitchell",0.975409836065574,0.869918699186992,0.81638846737481,0.751515151515151,0.00422705314009662,2.51677419354839,15.3145631067961,0.29126213592233,1.22355137479171,0.65084793215925,2.3199703043801,26.818856718634,2678.25,NA,0.107,32,0.048,0.153645833333333,0.756,28.526768268855,5.47088706525987,0.103,4.76396708531832,71.3286713286713,3.91608391608392,0.330314009661836,0.3656,2.03081657859037,0.363636363636364,0.141310383120489,0.897055184360307,2.44941427050053,32.7929255711127,0.580549368968077,1.28233597679566,0.690178790105315,0.84,611.715617175183,9.42411891632702,0.67,NA,0.02,0.00518806744487678,0.359853809389935,3
"68","19133","Monona",0.976,0.798449612403101,0.70573566084788,0.71072319201995,0.0030750307503075,2.24926108374384,11.0430555555556,0.173611111111111,0.882512546724515,1.02574904849354,2.70474954019258,28.9949150708644,1299.14285714286,NA,0.117,70.5882352941177,0.117647058823529,0.296363636363636,0.793,24.4399185336049,15.2749490835031,0.118,4.97512437810945,139.631740464708,5.48005260850504,0.513530135301353,0.4165,1.7926826384126,0.422093023255814,0.163740715732613,0.216379963215406,5.71884984025559,65.6106175746548,0.419993508601104,0,0.667458100558659,0.72,3670.51991557528,9.14557104316547,0.589,NA,0.037,0.00290353801484031,0.327121515478207,3
"69","19135","Monroe",0.905405405405405,0.779411764705882,0.71875,0.754166666666667,0.0133000831255195,2.39438877755511,13.753488372093,0.13953488372093,0.713062286879672,1.4396275774979,3.13676286072773,20.702634880803,1095,NA,0.118,116.731517509728,0.0739299610894942,0.284684684684685,0.622,29.2887029288703,16.7364016736402,0.118,6.63129973474801,123.403199801563,13.5185414857993,0.435577722360765,0.3921,1.95386332065675,0.443359375,0.196549137284321,0.376411543287327,4.3024494142705,30.42071197411,0.537013801756587,0,0.628027962932856,0.78,480.32838877855,2.97546394320588,0.477,NA,0.037,0.00616429739589886,0.373159095623315,3
"70","19137","Montgomery",0.9296875,0.699186991869919,0.722466960352423,0.616740088105727,0.0228031145717464,2.44755927475593,12.3057142857143,0.121428571428571,1.01416616049808,1.09890923797689,2.32774674115456,24.9534450651769,1349.375,46,0.105,149.390243902439,0.0762195121951219,0.333333333333333,0.813,42.9042904290429,31.7656765676568,0.144,6.47848218417399,197.709634677267,20.5375733484762,0.522246941045606,0.4341,2.19321285984451,0.510416666666667,0.208680142687277,0.74487895716946,5.03727369542066,23.7571491421029,0.62635009310987,0.0494779534646182,0.621223286661754,0.81,1894.83195488722,4.46298915605846,0.529,55.7617131728808,0.044,0.00880281690140845,0.563485239323588,3
"71","19139","Muscatine",0.838827838827839,0.745019920318725,0.746089850249584,0.680426098535286,0.0855332629355861,2.01942604856512,13.8497142857143,0.375238095238095,0.772196233182547,1.33467269987607,1.87156392560533,9.825710609428,2069.71428571429,42.3,0.117,105.232216343327,0.0734861845972957,0.345764854614412,0.738,43.915248098515,19.9203187250996,0.134,6.66558283205983,181.27754845029,17.2112222766389,0.494324181626188,0.4022,2.37610982907654,0.487033342832716,0.206029353431178,0.600460092798378,4.29179978700745,44.2366438915188,0.6983974733887,0.223428313442,0.626228993246427,0.8,3610.75279691697,6.24821445576612,0.412,65.9730392991111,0.192,0.0152225922972276,0.310999066293184,3
"72","19141","O'Brien",0.896551724137931,0.814814814814815,0.847058823529412,0.731764705882353,0.0370055295618886,1.85486508585446,13.9411042944785,0.122699386503067,1.31288955570562,0.695016935622021,2.70870954299208,22.7114877066259,1399.3,43,0.113,95.7230142566191,0.0733197556008147,0.251193887297039,0.786,27.9569892473118,17.2043010752688,0.088,4.2270589135132,85.5207451312447,8.46740050804403,0.343258188005104,0.4539,1.82411131644744,0.401202103681443,0.139449143352852,0.439875908691022,2.31096911608094,61.1423415920605,0.462425336852341,0.228649787707668,0.674819089493451,0.76,3186.48919774806,9.73786008230453,0.767,59.166426284644,0.055,0.00940635451505017,0.558031471116274,3
"73","19143","Osceola",0.963636363636364,0.781818181818182,0.739811912225705,0.639498432601881,0.0701107011070111,1.17351524879615,12.585,0.233333333333333,1.09316699229037,0.854772140964037,3.86877127824203,17.486846177654,1624.75,NA,0.132,74.8663101604278,0.0481283422459893,0.246696035242291,0.793,13.0624092888244,2.90275761973875,0.097,3.58483750560986,68.7873405457775,6.78185047634426,0.407134071340713,0.399,1.5077906162465,0.409448818897638,0.11626746506986,0.567419787475498,3.4185303514377,22.4769950218736,0.751779634787991,0.667780452019808,0.668328141225337,0.74,3251.50094384143,6.33486967577877,0.717,NA,0.081,0.0142944973870274,0.615603509603984,3
"74","19145","Page",0.915254237288136,0.7,0.726281352235551,0.703380588876772,0.00786472670074715,1.64213058419244,11.3124401913876,0.177033492822967,0.940326836093752,0.955465480620576,8.34797891036907,19.5204619633442,1771.55555555556,NA,0.103,126.39405204461,0.0520446096654275,0.304393305439331,0.758,34.6020761245675,29.4117647058824,0.159,5.06329113924051,151.212371921339,10.691783873226,0.436885568226504,0.4341,1.91311471459894,0.385735080058224,0.180021253985122,0.73227885178676,4.86687965921193,57.9228924552666,0.49246798895305,1.25859574506867,0.580563495304206,0.76,3603.06292612748,10.2910841466631,0.58,NA,0.073,0.0142866055274814,0.456138552982168,3
"75","19147","Palo Alto",0.975409836065574,0.859504132231405,0.75625,0.715179968701095,0.00232018561484919,1.33968253968254,11.6555555555556,0.192592592592593,1.60642744826743,0.491214238008271,2.6536461097548,29.6146905848636,1575.83333333333,NA,0.11,62.2837370242215,0.041522491349481,0.284857571214393,0.873,32.4141267537494,15.9651669085631,0.114,4.65089858200848,97.3584905660377,8.19407008086253,0.382830626450116,0.4289,1.81104327894152,0.312718786464411,0.175876010781671,0.955312599511729,4.37699680511182,69.5360770761336,0.55270141173973,0,0.683823529411765,0.71,1615.85821212443,11.7596312150148,0.77,NA,0.0329999999999999,0.00464232960540198,0.389199552644192,3
"76","19149","Plymouth",0.965034965034965,0.83859649122807,0.803066037735849,0.751329001772002,0.013408609738885,2.44313000616143,13.5656462585034,0.363945578231293,1.1258411886936,0.759291725815472,1.00056031377571,18.3302649483711,2048.58333333333,41.1,0.087,43.0733410942957,0.0616996507566938,0.209100758396533,0.866,18.0165816326531,9.56632653061224,0.074,1.91174515253424,69.4583851929177,4.25583169390131,0.274994119030816,0.42,2.20972919289907,0.343855693348365,0.144461859979101,0.493609754796019,3.95101171458999,69.0596643379105,0.473225006003362,0.0546761810645161,0.697558357928629,0.77,714.667637371465,5.66999326259053,0.737,61.8147603814419,0.0479999999999999,0.00509733092514549,0.463625798954096,3
"77","19151","Pocahontas",0.911392405063291,0.828947368421053,0.765957446808511,0.668085106382979,0.0124879923150817,1.16448863636364,11.2582417582418,0.197802197802198,1.09175316735767,0.809400992744356,3.41997264021888,23.9398084815321,3835,NA,0.108,73.7327188940092,0.0875576036866359,0.297592997811816,0.811,31.5374507227332,30.880420499343,0.125,4.19745034263157,135.944055944056,11.8881118881119,0.463976945244957,0.3999,1.30920202138912,0.321011673151751,0.147757255936675,1.04879160966712,3.6741214057508,68.8991531947652,0.56155950752394,0.66563402762093,0.722992181947406,0.81,114.327506963788,8.78461335792386,0.622,NA,0.037,0,0.337512242899119,3
"78","19153","Polk",0.88040825382738,0.755434782608696,0.745111002853365,0.694518879415347,0.0956564111587867,3.01020337063972,14.8393907563025,0.435924369747899,0.893341108033503,1.32746936374118,5.2387144714843,6.4624744566227,779.197508896797,NA,0.094,74.4837383936273,0.072251255771475,0.264098998098374,0.731,34.0702187563837,16.3156913074757,0.125,14.170692431562,155.565572107908,15.1247436388632,0.445877718972915,0.4308,2.64124023454492,0.454107790421408,0.226242739429961,0.663353768035173,4.54739084132055,92.5974839075737,0.826010124465911,0.781738801243486,0.694783446434665,0.79,22231.7020649338,6.08388854732598,0.45,NA,0.193,0.0361128995117275,0.39168917119927,1
"79","19155","Pottawattamie",0.851957975167144,0.709426627793975,0.689197930142303,0.671738426675299,0.0476521519307337,2.66078604159323,14.7178606476938,0.368989205103042,0.977989529333843,1.02680261575627,5.51750788982159,8.13671396981472,1860.81632653061,NA,0.115,105.290728129911,0.0741225772655841,0.35054432348367,0.777,54.1597375162929,17.4389860218437,0.145,4.69347967362264,188.735698987225,16.85447676859,0.491499715603868,0.4102,2.54386667734957,0.48166283601479,0.226757546251217,0.411487293987992,5.71884984025559,78.0442927132058,0.69689130294768,0.476260719316849,0.601055700215102,0.77,2385.29793729549,5.12973460873777,0.389,NA,0.103,0.0104148641633501,0.379809503309476,3
"80","19157","Poweshiek",0.933333333333333,0.827433628318584,0.847882454624028,0.7476231633535,0.016212487064505,2.14106870229008,13.5134328358209,0.263681592039801,1.22161801388329,0.735193370287397,2.43206090726446,21.0426139367664,1034.66666666667,48.4,0.092,84.3373493975904,0.0585197934595525,0.282470481380563,0.795,21.48033126294,23.2919254658385,0.115,3.27360661872126,98.5802732707088,10.7813834329633,0.348740945153501,0.4151,2.18648045332265,0.508813160987074,0.184663536776213,0.793063339325367,3.17358892438765,50.1394223180933,0.522258644390399,0.260632597938035,0.674757934373319,0.75,4995.29485747713,7.28052697479449,0.487,60.0815829463561,0.0640000000000001,0.0130239915634063,0.306114367178837,2
"81","19159","Ringgold",0.918918918918919,0.75609756097561,0.869090909090909,0.730909090909091,0.00884955752212389,1.59819413092551,11.0454545454545,0.318181818181818,1.12412713413014,1.01249464458662,4.87234457220815,29.6238549990255,1302.75,NA,0.136,53.2544378698225,0.0591715976331361,0.16260162601626,0.657,22.7827502034174,10.5777054515867,0.14,11.437908496732,126.766091051805,9.8116169544741,0.485461441213654,0.4331,2.02781133773956,0.323450134770889,0.200741198270537,0.779575131553303,4.79233226837061,22.1213840045377,0.272851296043656,0.403018426842721,0.677269200930954,0.76,789.342840398515,2.92734274711168,0.618,NA,0.032,0.0106837606837607,0.470776109869051,3
"82","19161","Sac",0.974025974025974,0.753086419753086,0.745891276864728,0.706700379266751,0.0105017502917153,1.79467849223947,11.6635714285714,0.235714285714286,1.35437911875445,0.618009009067865,2.41545893719807,24.8309178743961,1754.66666666667,NA,0.12,54.6623794212219,0.0418006430868167,0.221407624633431,0.785,21.9829519964109,14.3562135486765,0.095,3.9646670486736,94.6518270461932,5.02314586821629,0.424154025670945,0.4365,1.75482068841233,0.356304985337243,0.167720648886445,0.547504025764895,5.27156549520767,58.2287961055982,0.35256038647343,0.850094137408019,0.671630489651691,0.76,2473.48686651694,5.51737711213518,0.754,NA,0.0309999999999999,0.00182903350019253,0.438361947649873,3
"83","19163","Scott",0.844240129799892,0.800232288037166,0.76017852263412,0.686151324774652,0.019938327843577,2.07227050930162,15.5219748858447,0.313356164383562,0.929470449211152,1.14862212602078,3.87958165883891,7.82573960199487,1029.77160493827,NA,0.105,100.521221146687,0.0676098287416232,0.333023648648649,0.714,40.0184775473487,16.9944810483577,0.138,7.87571941667748,188.520074171056,24.117441454037,0.414710210946808,0.4474,2.70897530912353,0.46762748225975,0.208086276531752,0.615326264142417,4.27050053248136,105.681308072143,0.843896770444972,0.184414508397942,0.708893379703606,0.79,6095.26284748197,7.0699162609302,0.481,NA,0.172,0.0111262502520361,0.319871829784144,2
"84","19165","Shelby",0.958620689655172,0.844594594594595,0.85369532428356,0.793363499245852,0.00879604178119846,1.24465361445783,13.4879032258065,0.290322580645161,1.01542115344962,0.820521191807296,2.05473822634996,22.1089833155256,1379.88888888889,33,0.096,60.4395604395604,0.0659340659340659,0.240866035182679,0.831,22.5045372050817,10.5263157894737,0.095,5.32319391634981,98.5168613803961,5.71712652249565,0.333150082462892,0.4249,2.31100157813952,0.417090539165819,0.19628782100178,0.739705761485987,4.6751863684771,60.4531988149572,0.537272951425988,0.236402127870141,0.703027700236204,0.78,2266.23203754465,10.2110504644259,0.742,66.464971273972,0.0329999999999999,0.00236889397157327,0.424118780460161,3
"85","19167","Sioux",0.922118380062305,0.792452830188679,0.822699040090344,0.773009599096556,0.117858654253068,1.79242613399917,13.4343373493976,0.207831325301205,1.02335850056307,0.910778830428334,2.96700688345597,6.91312603845241,1170.89285714286,37.3,0.12,47.2186287192756,0.0478654592496766,0.108324974924774,0.715,23.5192577408566,5.82587118351494,0.09,3.05935141749949,46.8950624489319,3.99789891443913,0.351883199322895,0.3938,2.32187233411224,0.365002683843264,0.163980227810015,0.484611124297808,2.87539936102236,96.9100691775557,0.524240446237835,0.114236027404225,0.6941877675107,0.81,3443.72025073746,19.0595275101026,0.854,57.477644420964,0.107,0.0400357728424504,0.732655229998482,3
"86","19169","Story",0.934316353887399,0.875843454790823,0.852388875683385,0.81198003327787,0.0270366102295896,2.39271811312114,14.2387533875339,0.353658536585366,1.19406843561893,0.874032864203812,2.73614616604498,5.20426168725291,1398.34375,NA,0.099,34.07917383821,0.0605851979345955,0.197088465845465,0.678,27.5735294117647,12.9944219066937,0.213,4.65953616435455,75.6089532587228,5.97981127935045,0.25086428508111,0.4576,3.21516900247321,0.538600723763571,0.171837960280251,0.744529568991833,3.0457933972311,71.6451431779899,0.809608898617409,1.59067654945936,0.627156201900111,0.82,9409.41678284242,8.0889710125627,0.491,NA,0.131,0.0499791142170089,0.319431722590896,2
"87","19171","Tama",0.903846153846154,0.767741935483871,0.76017130620985,0.645610278372591,0.0812347684809098,2.38338525441329,12.3849462365591,0.161290322580645,0.914066321686939,1.08667306745346,0,19.8682951539371,2244.625,NA,0.138,111.287758346582,0.0922098569157393,0.270246478873239,0.708,48.0637813211845,18.9066059225513,0.109,3.6330608537693,123.403284671533,9.63731751824817,0.432575142160845,0.4137,1.96985830125317,0.428571428571429,0.177508269018743,0.450272977992908,3.25878594249201,20.9614309670207,0.144819046546969,0.247544039763494,0.689715502814544,0.79,191.175699350099,5.53702750614742,0.483,NA,0.163,0.00906851768920734,0.310633321338611,3
"88","19173","Taylor",0.90625,0.786885245901639,0.852331606217617,0.735751295336788,0.0484668644906034,1.57589984350548,10.9088888888889,0.333333333333333,1.02331269059326,1.02415184257246,0,30.3941744498971,3189,NA,0.131,89.0052356020942,0.0732984293193717,0.255474452554745,0.717,22.7272727272727,13.0853994490358,0.134,5.9344677010755,134.020618556701,7.8930412371134,0.527200791295747,0.4408,1.549790633874,0.376940133037694,0.213207547169811,0.474908975779642,5.28221512247071,32.5688073394495,0.232230489156245,0,0.634777123633305,0.77,513.666217287867,2.13913343690661,0.565,NA,0.07,0.00582310355681461,0.478344101459679,3
"89","19175","Union",0.901639344262295,0.726495726495726,0.680998613037448,0.651872399445215,0.0124223602484472,2.24197828709288,12.5701986754967,0.165562913907285,0.799685015857684,1.29673076693715,1.99457475666188,16.3555130046274,1346.55555555556,32.6,0.11,116.009280742459,0.0672853828306264,0.336723163841808,0.891,29.6196566812521,26.2537866038371,0.145,8.6281276962899,162.14070192155,11.59282197872,0.46583850931677,0.4074,2.16121774927002,0.586726998491704,0.215519532288068,0.718046912398277,4.86687965921193,27.3712064830894,0.657491622786022,0.978667220971996,0.621635664553673,0.79,961.874531685931,3.38772277227723,0.42,60.3209071001372,0.04,0.000240558094779889,0.374098833398873,3
"90","19177","Van Buren",0.811764705882353,0.814285714285714,0.654450261780105,0.694736842105263,0.00108108108108108,2.22576419213974,13.7277777777778,0.180555555555556,0.690254957614319,1.43009750122672,3.30250990752972,16.2483487450462,1568.2,NA,0.124,73.6842105263158,0.0421052631578947,0.190654205607477,0.599,27.4212368728121,17.5029171528588,0.163,5.75420372054313,131.829775808833,12.0821586790173,0.496216216216216,0.402,1.65108267716535,0.281938325991189,0.222581950627276,1.27697049757816,5.67625133120341,64.5737621235324,0.332892998678996,1.75025108552153,0.627550130775937,0.71,57.4041278295606,2.98527590477501,0.4,NA,0.0259999999999999,0.000393855848759354,0.447703823588914,3
"91","19179","Wapello",0.8558352402746,0.661016949152542,0.678508771929825,0.589035087719298,0.0778452685421995,2.69030303030303,14.3038095238095,0.25,0.667829392720644,1.36218768425531,6.09122807017544,10.1052631578947,1195.2,45.1,0.124,134.587554269175,0.0687409551374819,0.35793991416309,0.752,68.8927507447865,31.5292949354518,0.189,9.99322493224932,225.414239665215,29.9157382797037,0.571131713554987,0.4425,1.90717425314758,0.466049382716049,0.211734005219113,0.683040935672515,5.3248136315229,36.2677034157179,0.750905263157895,1.42426959426625,0.579897473452948,0.78,4921.40459049716,3.17777653192801,0.397,67.2082050533729,0.125,0.0242719815070617,0.437644498844009,2
"92","19181","Warren",0.963515754560531,0.75767366720517,0.816787941787942,0.778124188100805,0.00512,2.82657434882954,15.1,0.365684575389948,0.659568090239532,1.87065997117676,0,12.9583558680368,2024.60869565217,NA,0.077,65.3968253968254,0.0634920634920635,0.196814903846154,0.795,19.0363881401617,12.8874663072776,0.065,3.57888458097226,81.9346996225288,6.48312042822717,0.25376,0.399,2.39050748909815,0.374611076540137,0.204425169067921,0.48314404182441,4.51544195953142,44.0285935436871,0.597057869118442,0.903898800880305,0.747708386875696,0.81,570.471657536592,5.14574451635705,0.396,NA,0.042,0.00296561198456137,0.342891201391797,3
"93","19183","Washington",0.845559845559846,0.830578512396694,0.758689839572192,0.6561872909699,0.0268336314847943,1.94227820372399,13.1280575539568,0.377697841726619,0.891649512360002,1.06773022806271,1.15186140803539,16.7711021009952,1350.6875,46.9,0.121,58.3016476552598,0.0621039290240811,0.204121056020605,0.775,25.6267409470752,8.5422469823584,0.114,3.35917312661499,114.538651090627,9.2178516017158,0.352670585228725,0.3831,2.24963855421687,0.489885183160197,0.189153243682577,0.952205430642585,3.32268370607029,58.1076687259046,0.613573534832289,0.638586364793402,0.669852985661564,0.79,1960.02109357127,6.57811100108455,0.574,67.6288589196964,0.073,0.00621919196572534,0.421931735657226,3
"94","19185","Wayne",0.931818181818182,0.720930232558139,0.728900255754476,0.710997442455243,0.00660377358490566,2.04243614931238,11.2576086956522,0.0652173913043478,1.17629025610371,0.782576110781808,3.90441980321724,18.8973918475715,1045.5,NA,0.141,64,0.08,0.217687074829932,0.815,12.7431254191818,6.03621730382294,0.172,8.35654596100279,141.866330390921,12.7679697351829,0.533962264150943,0.4304,1.58669049910628,0.395238095238095,0.232851143257116,0.989119683481701,4.79233226837061,52.2775909507796,0.323598313290645,0.394752175600812,0.600659385946837,0.76,634.759708353146,3.67614663817195,0.5,NA,0.025,0.00313873195229127,0.3860529986053,3
"95","19187","Webster",0.870967741935484,0.742021276595745,0.690948044991966,0.587038028923407,0.0110236220472441,1.48071143820914,14.1294460641399,0.349854227405248,0.981183623659407,0.96805303505122,5.26135795648857,16.5206639833741,1340.34482758621,49.3,0.109,93.6073059360731,0.0631659056316591,0.408706677937447,0.732,47.0660901791229,33.3539221741816,0.154,5.81944007549544,174.871891181284,18.4852305958737,0.549606299212598,0.443,2.06259743374505,0.389569914814045,0.163769613830687,0.911968712458019,3.40788072417465,66.9917864476386,0.754215663062636,0.177055330972957,0.630372198231544,0.78,7545.96678173128,4.20156934404644,0.646,68.6421449956866,0.1,0.0142238551371211,0.366039737260822,2
"96","19189","Winnebago",0.929824561403509,0.837078651685393,0.779475982532751,0.739890710382514,0.0146504813729594,1.17025838372732,11.5982954545455,0.136363636363636,1.3159607792534,0.629112144195113,0,21.5350635008283,3689.66666666667,NA,0.102,64.8148148148148,0.0617283950617284,0.288519637462236,0.724,29.6096904441454,14.8048452220727,0.105,3.1810185734791,103.396226415094,5.37735849056604,0.367099204688154,0.3949,1.95064123289148,0.30978809283552,0.177922814982974,0.766918215841463,2.75825346112886,76.5870185449358,0.703846861770661,0.417282279722989,0.711265081830128,0.76,2238.37468718139,5.3679400475233,0.826,NA,0.0570000000000001,0.0122107969151671,0.419537062551667,3
"97","19191","Winneshiek",0.987603305785124,0.868421052631579,0.875494071146245,0.766798418972332,0.0121786197564276,1.56588511137163,13.0740196078431,0.294117647058824,1.21994623749594,0.811476079499048,1.18731003039514,11.8256079027356,1126.57894736842,43,0.097,36.4963503649635,0.0675182481751825,0.168704156479218,0.85,15.7423104868007,7.02349237103415,0.107,9.06593406593407,56.2176534827406,5.65025402402545,0.258457374830853,0.3892,2.93032550632182,0.431311881188119,0.176691729323308,1.42477203647416,2.08732694355698,56.2009123830127,0.650170972644377,0.815943233856146,0.658988896763525,0.85,2354.92653633942,16.5715690129768,0.816,50.402291568516,0.0429999999999999,0.00979413302904959,0.34388379204893,3
"98","19193","Woodbury",0.871946082561078,0.769827586206897,0.712161223071577,0.652785515320334,0.139975885125507,1.76589420654912,15.0437931034483,0.505172413793103,0.683016574738983,1.53365521664498,6.04862388912814,10.3453000822143,1140.74444444444,NA,0.144,112.961011591149,0.0697576396206533,0.361438389788905,0.734,65.6145562569625,15.2617898254734,0.167,9.93475682087782,190.875951643326,14.3662715127586,0.515016990025211,0.4292,2.09187679958119,0.490801687763713,0.185928303905832,0.756893604249044,5.20766773162939,126.345025832265,0.836178209294131,0.522914621872922,0.600745427294311,0.76,5562.10216663903,4.53391862822796,0.591,NA,0.224,0.022783214855365,0.334366504476113,2
"99","19195","Worth",0.952941176470588,0.898989898989899,0.818540433925049,0.727810650887574,0.00145560407569141,1.17620689655172,14.0680412371134,0.164948453608247,0.86284405072757,0.97157676190435,0,17.1097657278231,3848.5,NA,0.107,58.0357142857143,0.0401785714285714,0.295154185022026,0.7,30.7599517490953,14.475271411339,0.11,3.15735688255596,100.412288868201,5.18685995478122,0.368267831149927,0.4389,1.87772061733281,0.288461538461538,0.20353982300885,1.14065104852154,3.07774227902023,35.9833723044947,0.375361937351935,0,0.716942501279645,0.81,1701.32058589608,7.27733299974981,0.728,NA,0.035,0.00210387902695595,0.332903700975879,3
"100","19197","Wright",0.918238993710692,0.745454545454545,0.823093220338983,0.671261930010604,0.0869896985883251,3.09612983770287,13.3470899470899,0.158730158730159,1.26191199400714,0.831217932282461,3.55280066520523,21.9971275228664,1848.57142857143,NA,0.124,107.52688172043,0.0709677419354839,0.371367061356297,0.695,28.2579787234043,32.9122340425532,0.118,4.00145507457257,134.6316680779,12.3931952890463,0.498283098054178,0.423,1.72369794687391,0.324234904880066,0.166707406502078,1.05828104921007,3.02449414270501,41.4337879126612,0.651296394285282,0.406877428134402,0.631573675247922,0.77,1148.55188246097,8.42617038159129,0.672,NA,0.113,0.0125018828136768,0.435541354307484,3
