"","State_County_FIPS_Code","Year","Units","TotalUnits","PercentUSDA515Lost","id","county_name","state_code","state_fips","county_fips","class_fips"
"1",19001,"2032",24,127,18.8976377952756,84019001,"Adair County","IA",19,1,"H1"
"2",19001,"2047",80,127,62.992125984252,84019001,"Adair County","IA",19,1,"H1"
"3",19001,"8888",23,127,18.1102362204724,84019001,"Adair County","IA",19,1,"H1"
"4",19003,"8888",8,8,100,84019003,"Adams County","IA",19,3,"H1"
"5",19005,"2000",20,74,27.027027027027,84019005,"Allamakee County","IA",19,5,"H1"
"6",19005,"2010",6,74,8.10810810810811,84019005,"Allamakee County","IA",19,5,"H1"
"7",19005,"2044",24,74,32.4324324324324,84019005,"Allamakee County","IA",19,5,"H1"
"8",19005,"2045",24,74,32.4324324324324,84019005,"Allamakee County","IA",19,5,"H1"
"9",19007,"2001",10,140,7.14285714285714,84019007,"Appanoose County","IA",19,7,"H1"
"10",19007,"2023",72,140,51.4285714285714,84019007,"Appanoose County","IA",19,7,"H1"
"11",19007,"8888",58,140,41.4285714285714,84019007,"Appanoose County","IA",19,7,"H1"
"12",19009,"2025",29,44,65.9090909090909,84019009,"Audubon County","IA",19,9,"H1"
"13",19009,"8888",15,44,34.0909090909091,84019009,"Audubon County","IA",19,9,"H1"
"14",19011,"2002",25,137,18.2481751824818,84019011,"Benton County","IA",19,11,"H1"
"15",19011,"2006",8,137,5.83941605839416,84019011,"Benton County","IA",19,11,"H1"
"16",19011,"2024",6,137,4.37956204379562,84019011,"Benton County","IA",19,11,"H1"
"17",19011,"2040",70,137,51.0948905109489,84019011,"Benton County","IA",19,11,"H1"
"18",19011,"8888",28,137,20.4379562043796,84019011,"Benton County","IA",19,11,"H1"
"19",19013,"2000",12,54,22.2222222222222,84019013,"Black Hawk County","IA",19,13,"H1"
"20",19013,"2002",10,54,18.5185185185185,84019013,"Black Hawk County","IA",19,13,"H1"
"21",19013,"2043",32,54,59.2592592592593,84019013,"Black Hawk County","IA",19,13,"H1"
"22",19015,"2020",8,79,10.126582278481,84019015,"Boone County","IA",19,15,"H1"
"23",19015,"2029",24,79,30.379746835443,84019015,"Boone County","IA",19,15,"H1"
"24",19015,"2038",23,79,29.1139240506329,84019015,"Boone County","IA",19,15,"H1"
"25",19015,"2047",24,79,30.379746835443,84019015,"Boone County","IA",19,15,"H1"
"26",19017,"1998",8,100,8,84019017,"Bremer County","IA",19,17,"H1"
"27",19017,"1999",16,100,16,84019017,"Bremer County","IA",19,17,"H1"
"28",19017,"2001",28,100,28,84019017,"Bremer County","IA",19,17,"H1"
"29",19017,"2002",24,100,24,84019017,"Bremer County","IA",19,17,"H1"
"30",19017,"2007",8,100,8,84019017,"Bremer County","IA",19,17,"H1"
"31",19017,"2042",16,100,16,84019017,"Bremer County","IA",19,17,"H1"
"32",19019,"1995",9,199,4.52261306532663,84019019,"Buchanan County","IA",19,19,"H1"
"33",19019,"1998",92,199,46.2311557788945,84019019,"Buchanan County","IA",19,19,"H1"
"34",19019,"1999",21,199,10.5527638190955,84019019,"Buchanan County","IA",19,19,"H1"
"35",19019,"2002",24,199,12.0603015075377,84019019,"Buchanan County","IA",19,19,"H1"
"36",19019,"2009",8,199,4.02010050251256,84019019,"Buchanan County","IA",19,19,"H1"
"37",19019,"2042",16,199,8.04020100502512,84019019,"Buchanan County","IA",19,19,"H1"
"38",19019,"2048",24,199,12.0603015075377,84019019,"Buchanan County","IA",19,19,"H1"
"39",19019,"8888",5,199,2.51256281407035,84019019,"Buchanan County","IA",19,19,"H1"
"40",19021,"8888",34,34,100,84019021,"Buena Vista County","IA",19,21,"H1"
"41",19023,"1997",14,178,7.86516853932584,84019023,"Butler County","IA",19,23,"H1"
"42",19023,"1999",62,178,34.8314606741573,84019023,"Butler County","IA",19,23,"H1"
"43",19023,"2000",46,178,25.8426966292135,84019023,"Butler County","IA",19,23,"H1"
"44",19023,"2002",36,178,20.2247191011236,84019023,"Butler County","IA",19,23,"H1"
"45",19023,"2044",20,178,11.2359550561798,84019023,"Butler County","IA",19,23,"H1"
"46",19025,"2043",16,51,31.3725490196078,84019025,"Calhoun County","IA",19,25,"H1"
"47",19025,"8888",35,51,68.6274509803922,84019025,"Calhoun County","IA",19,25,"H1"
"48",19027,"2001",23,187,12.2994652406417,84019027,"Carroll County","IA",19,27,"H1"
"49",19027,"2036",72,187,38.5026737967914,84019027,"Carroll County","IA",19,27,"H1"
"50",19027,"2041",20,187,10.6951871657754,84019027,"Carroll County","IA",19,27,"H1"
"51",19027,"2042",20,187,10.6951871657754,84019027,"Carroll County","IA",19,27,"H1"
"52",19027,"2043",12,187,6.41711229946524,84019027,"Carroll County","IA",19,27,"H1"
"53",19027,"2052",24,187,12.8342245989305,84019027,"Carroll County","IA",19,27,"H1"
"54",19027,"8888",16,187,8.55614973262032,84019027,"Carroll County","IA",19,27,"H1"
"55",19029,"2001",9,61,14.7540983606557,84019029,"Cass County","IA",19,29,"H1"
"56",19029,"2041",28,61,45.9016393442623,84019029,"Cass County","IA",19,29,"H1"
"57",19029,"2045",24,61,39.344262295082,84019029,"Cass County","IA",19,29,"H1"
"58",19031,"2009",16,123,13.0081300813008,84019031,"Cedar County","IA",19,31,"H1"
"59",19031,"2012",16,123,13.0081300813008,84019031,"Cedar County","IA",19,31,"H1"
"60",19031,"2029",25,123,20.3252032520325,84019031,"Cedar County","IA",19,31,"H1"
"61",19031,"2032",11,123,8.94308943089431,84019031,"Cedar County","IA",19,31,"H1"
"62",19031,"2047",24,123,19.5121951219512,84019031,"Cedar County","IA",19,31,"H1"
"63",19031,"8888",31,123,25.2032520325203,84019031,"Cedar County","IA",19,31,"H1"
"64",19033,"2032",24,72,33.3333333333333,84019033,"Cerro Gordo County","IA",19,33,"H1"
"65",19033,"2043",48,72,66.6666666666667,84019033,"Cerro Gordo County","IA",19,33,"H1"
"66",19035,"2042",27,57,47.3684210526316,84019035,"Cherokee County","IA",19,35,"H1"
"67",19035,"2044",24,57,42.1052631578947,84019035,"Cherokee County","IA",19,35,"H1"
"68",19035,"2045",6,57,10.5263157894737,84019035,"Cherokee County","IA",19,35,"H1"
"69",19037,"1993",5,38,13.1578947368421,84019037,"Chickasaw County","IA",19,37,"H1"
"70",19037,"1997",23,38,60.5263157894737,84019037,"Chickasaw County","IA",19,37,"H1"
"71",19037,"2044",10,38,26.3157894736842,84019037,"Chickasaw County","IA",19,37,"H1"
"72",19039,"2030",24,138,17.3913043478261,84019039,"Clarke County","IA",19,39,"H1"
"73",19039,"2039",90,138,65.2173913043478,84019039,"Clarke County","IA",19,39,"H1"
"74",19039,"2042",24,138,17.3913043478261,84019039,"Clarke County","IA",19,39,"H1"
"75",19041,"2041",92,116,79.3103448275862,84019041,"Clay County","IA",19,41,"H1"
"76",19041,"2044",24,116,20.6896551724138,84019041,"Clay County","IA",19,41,"H1"
"77",19043,"1995",9,92,9.78260869565217,84019043,"Clayton County","IA",19,43,"H1"
"78",19043,"1997",27,92,29.3478260869565,84019043,"Clayton County","IA",19,43,"H1"
"79",19043,"1998",16,92,17.3913043478261,84019043,"Clayton County","IA",19,43,"H1"
"80",19043,"2015",20,92,21.7391304347826,84019043,"Clayton County","IA",19,43,"H1"
"81",19043,"2041",5,92,5.43478260869565,84019043,"Clayton County","IA",19,43,"H1"
"82",19043,"2042",15,92,16.304347826087,84019043,"Clayton County","IA",19,43,"H1"
"83",19045,"2044",6,23,26.0869565217391,84019045,"Clinton County","IA",19,45,"H1"
"84",19045,"8888",17,23,73.9130434782609,84019045,"Clinton County","IA",19,45,"H1"
"85",19047,"1991",9,9,100,84019047,"Crawford County","IA",19,47,"H1"
"86",19049,"2000",24,278,8.63309352517986,84019049,"Dallas County","IA",19,49,"H1"
"87",19049,"2040",8,278,2.87769784172662,84019049,"Dallas County","IA",19,49,"H1"
"88",19049,"2041",24,278,8.63309352517986,84019049,"Dallas County","IA",19,49,"H1"
"89",19049,"2042",154,278,55.3956834532374,84019049,"Dallas County","IA",19,49,"H1"
"90",19049,"2045",68,278,24.4604316546763,84019049,"Dallas County","IA",19,49,"H1"
"91",19051,"1974",32,60,53.3333333333333,84019051,"Davis County","IA",19,51,"H1"
"92",19051,"2002",4,60,6.66666666666667,84019051,"Davis County","IA",19,51,"H1"
"93",19051,"2041",24,60,40,84019051,"Davis County","IA",19,51,"H1"
"94",19053,"2000",64,72,88.8888888888889,84019053,"Decatur County","IA",19,53,"H1"
"95",19053,"2042",8,72,11.1111111111111,84019053,"Decatur County","IA",19,53,"H1"
"96",19055,"1998",22,90,24.4444444444444,84019055,"Delaware County","IA",19,55,"H1"
"97",19055,"2004",16,90,17.7777777777778,84019055,"Delaware County","IA",19,55,"H1"
"98",19055,"2040",28,90,31.1111111111111,84019055,"Delaware County","IA",19,55,"H1"
"99",19055,"2047",24,90,26.6666666666667,84019055,"Delaware County","IA",19,55,"H1"
"100",19057,"2009",16,40,40,84019057,"Des Moines County","IA",19,57,"H1"
"101",19057,"2043",24,40,60,84019057,"Des Moines County","IA",19,57,"H1"
"102",19059,"2006",8,70,11.4285714285714,84019059,"Dickinson County","IA",19,59,"H1"
"103",19059,"2044",48,70,68.5714285714286,84019059,"Dickinson County","IA",19,59,"H1"
"104",19059,"8888",14,70,20,84019059,"Dickinson County","IA",19,59,"H1"
"105",19061,"2018",20,24,83.3333333333333,84019061,"Dubuque County","IA",19,61,"H1"
"106",19061,"2044",4,24,16.6666666666667,84019061,"Dubuque County","IA",19,61,"H1"
"107",19063,"2000",12,40,30,84019063,"Emmet County","IA",19,63,"H1"
"108",19063,"2015",12,40,30,84019063,"Emmet County","IA",19,63,"H1"
"109",19063,"2048",16,40,40,84019063,"Emmet County","IA",19,63,"H1"
"110",19065,"1998",47,79,59.4936708860759,84019065,"Fayette County","IA",19,65,"H1"
"111",19065,"2043",8,79,10.126582278481,84019065,"Fayette County","IA",19,65,"H1"
"112",19065,"2044",24,79,30.379746835443,84019065,"Fayette County","IA",19,65,"H1"
"113",19067,"2011",24,72,33.3333333333333,84019067,"Floyd County","IA",19,67,"H1"
"114",19067,"2049",24,72,33.3333333333333,84019067,"Floyd County","IA",19,67,"H1"
"115",19067,"2054",24,72,33.3333333333333,84019067,"Floyd County","IA",19,67,"H1"
"116",19069,"2011",24,24,100,84019069,"Franklin County","IA",19,69,"H1"
"117",19071,"2043",23,23,100,84019071,"Fremont County","IA",19,71,"H1"
"118",19073,"2043",11,11,100,84019073,"Greene County","IA",19,73,"H1"
"119",19075,"2000",36,56,64.2857142857143,84019075,"Grundy County","IA",19,75,"H1"
"120",19075,"2001",20,56,35.7142857142857,84019075,"Grundy County","IA",19,75,"H1"
"121",19077,"2016",8,21,38.0952380952381,84019077,"Guthrie County","IA",19,77,"H1"
"122",19077,"8888",13,21,61.9047619047619,84019077,"Guthrie County","IA",19,77,"H1"
"123",19079,"2000",4,44,9.09090909090909,84019079,"Hamilton County","IA",19,79,"H1"
"124",19079,"2047",24,44,54.5454545454545,84019079,"Hamilton County","IA",19,79,"H1"
"125",19079,"8888",16,44,36.3636363636364,84019079,"Hamilton County","IA",19,79,"H1"
"126",19081,"2009",24,24,100,84019081,"Hancock County","IA",19,81,"H1"
"127",19083,"2000",52,115,45.2173913043478,84019083,"Hardin County","IA",19,83,"H1"
"128",19083,"2002",24,115,20.8695652173913,84019083,"Hardin County","IA",19,83,"H1"
"129",19083,"2006",16,115,13.9130434782609,84019083,"Hardin County","IA",19,83,"H1"
"130",19083,"8888",23,115,20,84019083,"Hardin County","IA",19,83,"H1"
"131",19085,"2014",4,28,14.2857142857143,84019085,"Harrison County","IA",19,85,"H1"
"132",19085,"2043",24,28,85.7142857142857,84019085,"Harrison County","IA",19,85,"H1"
"133",19087,"1999",16,148,10.8108108108108,84019087,"Henry County","IA",19,87,"H1"
"134",19087,"2001",28,148,18.9189189189189,84019087,"Henry County","IA",19,87,"H1"
"135",19087,"2002",36,148,24.3243243243243,84019087,"Henry County","IA",19,87,"H1"
"136",19087,"2005",24,148,16.2162162162162,84019087,"Henry County","IA",19,87,"H1"
"137",19087,"2041",24,148,16.2162162162162,84019087,"Henry County","IA",19,87,"H1"
"138",19087,"2043",20,148,13.5135135135135,84019087,"Henry County","IA",19,87,"H1"
"139",19089,"2025",23,23,100,84019089,"Howard County","IA",19,89,"H1"
"140",19091,"2000",100,135,74.0740740740741,84019091,"Humboldt County","IA",19,91,"H1"
"141",19091,"2045",20,135,14.8148148148148,84019091,"Humboldt County","IA",19,91,"H1"
"142",19091,"8888",15,135,11.1111111111111,84019091,"Humboldt County","IA",19,91,"H1"
"143",19093,"2001",16,40,40,84019093,"Ida County","IA",19,93,"H1"
"144",19093,"2047",24,40,60,84019093,"Ida County","IA",19,93,"H1"
"145",19095,"2001",8,200,4,84019095,"Iowa County","IA",19,95,"H1"
"146",19095,"2004",44,200,22,84019095,"Iowa County","IA",19,95,"H1"
"147",19095,"2005",32,200,16,84019095,"Iowa County","IA",19,95,"H1"
"148",19095,"2006",24,200,12,84019095,"Iowa County","IA",19,95,"H1"
"149",19095,"2012",4,200,2,84019095,"Iowa County","IA",19,95,"H1"
"150",19095,"2020",24,200,12,84019095,"Iowa County","IA",19,95,"H1"
"151",19095,"2043",24,200,12,84019095,"Iowa County","IA",19,95,"H1"
"152",19095,"2044",17,200,8.5,84019095,"Iowa County","IA",19,95,"H1"
"153",19095,"2045",16,200,8,84019095,"Iowa County","IA",19,95,"H1"
"154",19095,"8888",7,200,3.5,84019095,"Iowa County","IA",19,95,"H1"
"155",19097,"2000",8,92,8.69565217391304,84019097,"Jackson County","IA",19,97,"H1"
"156",19097,"2031",24,92,26.0869565217391,84019097,"Jackson County","IA",19,97,"H1"
"157",19097,"2036",4,92,4.34782608695652,84019097,"Jackson County","IA",19,97,"H1"
"158",19097,"2037",16,92,17.3913043478261,84019097,"Jackson County","IA",19,97,"H1"
"159",19097,"2049",28,92,30.4347826086957,84019097,"Jackson County","IA",19,97,"H1"
"160",19097,"8888",12,92,13.0434782608696,84019097,"Jackson County","IA",19,97,"H1"
"161",19099,"2008",37,161,22.9813664596273,84019099,"Jasper County","IA",19,99,"H1"
"162",19099,"2027",24,161,14.9068322981366,84019099,"Jasper County","IA",19,99,"H1"
"163",19099,"2041",16,161,9.93788819875776,84019099,"Jasper County","IA",19,99,"H1"
"164",19099,"2043",16,161,9.93788819875776,84019099,"Jasper County","IA",19,99,"H1"
"165",19099,"2044",24,161,14.9068322981366,84019099,"Jasper County","IA",19,99,"H1"
"166",19099,"8888",44,161,27.3291925465839,84019099,"Jasper County","IA",19,99,"H1"
"167",19101,"2002",8,104,7.69230769230769,84019101,"Jefferson County","IA",19,101,"H1"
"168",19101,"2008",24,104,23.0769230769231,84019101,"Jefferson County","IA",19,101,"H1"
"169",19101,"2045",48,104,46.1538461538462,84019101,"Jefferson County","IA",19,101,"H1"
"170",19101,"2050",24,104,23.0769230769231,84019101,"Jefferson County","IA",19,101,"H1"
"171",19103,"2008",8,56,14.2857142857143,84019103,"Johnson County","IA",19,103,"H1"
"172",19103,"2040",24,56,42.8571428571429,84019103,"Johnson County","IA",19,103,"H1"
"173",19103,"2046",24,56,42.8571428571429,84019103,"Johnson County","IA",19,103,"H1"
"174",19105,"2001",12,157,7.64331210191083,84019105,"Jones County","IA",19,105,"H1"
"175",19105,"2002",10,157,6.36942675159236,84019105,"Jones County","IA",19,105,"H1"
"176",19105,"2006",16,157,10.1910828025478,84019105,"Jones County","IA",19,105,"H1"
"177",19105,"2040",24,157,15.2866242038217,84019105,"Jones County","IA",19,105,"H1"
"178",19105,"2043",12,157,7.64331210191083,84019105,"Jones County","IA",19,105,"H1"
"179",19105,"2047",48,157,30.5732484076433,84019105,"Jones County","IA",19,105,"H1"
"180",19105,"8888",35,157,22.2929936305732,84019105,"Jones County","IA",19,105,"H1"
"181",19107,"2001",22,89,24.7191011235955,84019107,"Keokuk County","IA",19,107,"H1"
"182",19107,"2002",15,89,16.8539325842697,84019107,"Keokuk County","IA",19,107,"H1"
"183",19107,"2004",4,89,4.49438202247191,84019107,"Keokuk County","IA",19,107,"H1"
"184",19107,"2022",32,89,35.9550561797753,84019107,"Keokuk County","IA",19,107,"H1"
"185",19107,"2031",12,89,13.4831460674157,84019107,"Keokuk County","IA",19,107,"H1"
"186",19107,"8888",4,89,4.49438202247191,84019107,"Keokuk County","IA",19,107,"H1"
"187",19109,"2044",24,24,100,84019109,"Kossuth County","IA",19,109,"H1"
"188",19111,"2000",40,188,21.2765957446809,84019111,"Lee County","IA",19,111,"H1"
"189",19111,"2001",38,188,20.2127659574468,84019111,"Lee County","IA",19,111,"H1"
"190",19111,"2009",22,188,11.7021276595745,84019111,"Lee County","IA",19,111,"H1"
"191",19111,"2029",24,188,12.7659574468085,84019111,"Lee County","IA",19,111,"H1"
"192",19111,"2030",24,188,12.7659574468085,84019111,"Lee County","IA",19,111,"H1"
"193",19111,"2042",16,188,8.51063829787234,84019111,"Lee County","IA",19,111,"H1"
"194",19111,"2052",24,188,12.7659574468085,84019111,"Lee County","IA",19,111,"H1"
"195",19113,"2000",24,192,12.5,84019113,"Linn County","IA",19,113,"H1"
"196",19113,"2001",45,192,23.4375,84019113,"Linn County","IA",19,113,"H1"
"197",19113,"2024",6,192,3.125,84019113,"Linn County","IA",19,113,"H1"
"198",19113,"2030",8,192,4.16666666666667,84019113,"Linn County","IA",19,113,"H1"
"199",19113,"2040",40,192,20.8333333333333,84019113,"Linn County","IA",19,113,"H1"
"200",19113,"2041",48,192,25,84019113,"Linn County","IA",19,113,"H1"
"201",19113,"8888",21,192,10.9375,84019113,"Linn County","IA",19,113,"H1"
"202",19115,"2033",24,48,50,84019115,"Louisa County","IA",19,115,"H1"
"203",19115,"2042",24,48,50,84019115,"Louisa County","IA",19,115,"H1"
"204",19117,"8888",12,12,100,84019117,"Lucas County","IA",19,117,"H1"
"205",19119,"2042",1,1,100,84019119,"Lyon County","IA",19,119,"H1"
"206",19121,"2059",72,72,100,84019121,"Madison County","IA",19,121,"H1"
"207",19123,"2000",47,249,18.8755020080321,84019123,"Mahaska County","IA",19,123,"H1"
"208",19123,"2009",22,249,8.83534136546185,84019123,"Mahaska County","IA",19,123,"H1"
"209",19123,"2029",24,249,9.63855421686747,84019123,"Mahaska County","IA",19,123,"H1"
"210",19123,"2030",24,249,9.63855421686747,84019123,"Mahaska County","IA",19,123,"H1"
"211",19123,"2042",44,249,17.6706827309237,84019123,"Mahaska County","IA",19,123,"H1"
"212",19123,"2044",16,249,6.42570281124498,84019123,"Mahaska County","IA",19,123,"H1"
"213",19123,"8888",72,249,28.9156626506024,84019123,"Mahaska County","IA",19,123,"H1"
"214",19125,"2031",42,42,100,84019125,"Marion County","IA",19,125,"H1"
"215",19127,"2011",8,74,10.8108108108108,84019127,"Marshall County","IA",19,127,"H1"
"216",19127,"2041",24,74,32.4324324324324,84019127,"Marshall County","IA",19,127,"H1"
"217",19127,"2043",8,74,10.8108108108108,84019127,"Marshall County","IA",19,127,"H1"
"218",19127,"8888",34,74,45.945945945946,84019127,"Marshall County","IA",19,127,"H1"
"219",19129,"8888",57,57,100,84019129,"Mills County","IA",19,129,"H1"
"220",19131,"2028",26,42,61.9047619047619,84019131,"Mitchell County","IA",19,131,"H1"
"221",19131,"2043",16,42,38.0952380952381,84019131,"Mitchell County","IA",19,131,"H1"
"222",19133,"2001",10,10,100,84019133,"Monona County","IA",19,133,"H1"
"223",19137,"2022",36,44,81.8181818181818,84019137,"Montgomery County","IA",19,137,"H1"
"224",19137,"2043",8,44,18.1818181818182,84019137,"Montgomery County","IA",19,137,"H1"
"225",19139,"2002",16,76,21.0526315789474,84019139,"Muscatine County","IA",19,139,"H1"
"226",19139,"2035",8,76,10.5263157894737,84019139,"Muscatine County","IA",19,139,"H1"
"227",19139,"2057",52,76,68.4210526315789,84019139,"Muscatine County","IA",19,139,"H1"
"228",19141,"2041",8,32,25,84019141,"O'Brien County","IA",19,141,"H1"
"229",19141,"2043",24,32,75,84019141,"O'Brien County","IA",19,141,"H1"
"230",19143,"2041",1,1,100,84019143,"Osceola County","IA",19,143,"H1"
"231",19145,"2043",23,87,26.4367816091954,84019145,"Page County","IA",19,145,"H1"
"232",19145,"2047",46,87,52.8735632183908,84019145,"Page County","IA",19,145,"H1"
"233",19145,"8888",18,87,20.6896551724138,84019145,"Page County","IA",19,145,"H1"
"234",19149,"2003",24,96,25,84019149,"Plymouth County","IA",19,149,"H1"
"235",19149,"2004",24,96,25,84019149,"Plymouth County","IA",19,149,"H1"
"236",19149,"2044",24,96,25,84019149,"Plymouth County","IA",19,149,"H1"
"237",19149,"2045",24,96,25,84019149,"Plymouth County","IA",19,149,"H1"
"238",19151,"1981",19,28,67.8571428571429,84019151,"Pocahontas County","IA",19,151,"H1"
"239",19151,"8888",9,28,32.1428571428571,84019151,"Pocahontas County","IA",19,151,"H1"
"240",19153,"2032",20,144,13.8888888888889,84019153,"Polk County","IA",19,153,"H1"
"241",19153,"2040",16,144,11.1111111111111,84019153,"Polk County","IA",19,153,"H1"
"242",19153,"2041",64,144,44.4444444444444,84019153,"Polk County","IA",19,153,"H1"
"243",19153,"2043",20,144,13.8888888888889,84019153,"Polk County","IA",19,153,"H1"
"244",19153,"2044",24,144,16.6666666666667,84019153,"Polk County","IA",19,153,"H1"
"245",19155,"1994",8,37,21.6216216216216,84019155,"Pottawattamie County","IA",19,155,"H1"
"246",19155,"2014",12,37,32.4324324324324,84019155,"Pottawattamie County","IA",19,155,"H1"
"247",19155,"2047",12,37,32.4324324324324,84019155,"Pottawattamie County","IA",19,155,"H1"
"248",19155,"8888",5,37,13.5135135135135,84019155,"Pottawattamie County","IA",19,155,"H1"
"249",19157,"1995",9,222,4.05405405405405,84019157,"Poweshiek County","IA",19,157,"H1"
"250",19157,"2000",11,222,4.95495495495495,84019157,"Poweshiek County","IA",19,157,"H1"
"251",19157,"2001",32,222,14.4144144144144,84019157,"Poweshiek County","IA",19,157,"H1"
"252",19157,"2040",24,222,10.8108108108108,84019157,"Poweshiek County","IA",19,157,"H1"
"253",19157,"2043",24,222,10.8108108108108,84019157,"Poweshiek County","IA",19,157,"H1"
"254",19157,"2051",12,222,5.40540540540541,84019157,"Poweshiek County","IA",19,157,"H1"
"255",19157,"8888",110,222,49.5495495495495,84019157,"Poweshiek County","IA",19,157,"H1"
"256",19161,"2049",16,16,100,84019161,"Sac County","IA",19,161,"H1"
"257",19163,"2002",14,43,32.5581395348837,84019163,"Scott County","IA",19,163,"H1"
"258",19163,"2043",13,43,30.2325581395349,84019163,"Scott County","IA",19,163,"H1"
"259",19163,"8888",16,43,37.2093023255814,84019163,"Scott County","IA",19,163,"H1"
"260",19165,"2036",24,36,66.6666666666667,84019165,"Shelby County","IA",19,165,"H1"
"261",19165,"8888",12,36,33.3333333333333,84019165,"Shelby County","IA",19,165,"H1"
"262",19167,"2017",12,12,100,84019167,"Sioux County","IA",19,167,"H1"
"263",19169,"2002",12,79,15.1898734177215,84019169,"Story County","IA",19,169,"H1"
"264",19169,"2020",19,79,24.0506329113924,84019169,"Story County","IA",19,169,"H1"
"265",19169,"2041",48,79,60.7594936708861,84019169,"Story County","IA",19,169,"H1"
"266",19171,"2041",24,120,20,84019171,"Tama County","IA",19,171,"H1"
"267",19171,"2043",24,120,20,84019171,"Tama County","IA",19,171,"H1"
"268",19171,"2053",24,120,20,84019171,"Tama County","IA",19,171,"H1"
"269",19171,"2059",48,120,40,84019171,"Tama County","IA",19,171,"H1"
"270",19173,"2021",8,32,25,84019173,"Taylor County","IA",19,173,"H1"
"271",19173,"2042",16,32,50,84019173,"Taylor County","IA",19,173,"H1"
"272",19173,"8888",8,32,25,84019173,"Taylor County","IA",19,173,"H1"
"273",19175,"1995",100,164,60.9756097560976,84019175,"Union County","IA",19,175,"H1"
"274",19175,"2041",64,164,39.0243902439024,84019175,"Union County","IA",19,175,"H1"
"275",19177,"1973",8,134,5.97014925373134,84019177,"Van Buren County","IA",19,177,"H1"
"276",19177,"2001",30,134,22.3880597014925,84019177,"Van Buren County","IA",19,177,"H1"
"277",19177,"2002",48,134,35.8208955223881,84019177,"Van Buren County","IA",19,177,"H1"
"278",19177,"2015",4,134,2.98507462686567,84019177,"Van Buren County","IA",19,177,"H1"
"279",19177,"2029",24,134,17.910447761194,84019177,"Van Buren County","IA",19,177,"H1"
"280",19177,"2042",8,134,5.97014925373134,84019177,"Van Buren County","IA",19,177,"H1"
"281",19177,"2043",12,134,8.95522388059701,84019177,"Van Buren County","IA",19,177,"H1"
"282",19179,"1978",21,54,38.8888888888889,84019179,"Wapello County","IA",19,179,"H1"
"283",19179,"8888",33,54,61.1111111111111,84019179,"Wapello County","IA",19,179,"H1"
"284",19181,"2012",42,176,23.8636363636364,84019181,"Warren County","IA",19,181,"H1"
"285",19181,"2026",24,176,13.6363636363636,84019181,"Warren County","IA",19,181,"H1"
"286",19181,"2038",22,176,12.5,84019181,"Warren County","IA",19,181,"H1"
"287",19181,"2039",16,176,9.09090909090909,84019181,"Warren County","IA",19,181,"H1"
"288",19181,"2040",16,176,9.09090909090909,84019181,"Warren County","IA",19,181,"H1"
"289",19181,"2041",56,176,31.8181818181818,84019181,"Warren County","IA",19,181,"H1"
"290",19183,"1999",30,131,22.9007633587786,84019183,"Washington County","IA",19,183,"H1"
"291",19183,"2003",16,131,12.2137404580153,84019183,"Washington County","IA",19,183,"H1"
"292",19183,"2005",8,131,6.10687022900763,84019183,"Washington County","IA",19,183,"H1"
"293",19183,"2008",8,131,6.10687022900763,84019183,"Washington County","IA",19,183,"H1"
"294",19183,"2009",20,131,15.2671755725191,84019183,"Washington County","IA",19,183,"H1"
"295",19183,"2060",49,131,37.4045801526718,84019183,"Washington County","IA",19,183,"H1"
"296",19185,"1978",12,88,13.6363636363636,84019185,"Wayne County","IA",19,185,"H1"
"297",19185,"2042",48,88,54.5454545454545,84019185,"Wayne County","IA",19,185,"H1"
"298",19185,"8888",28,88,31.8181818181818,84019185,"Wayne County","IA",19,185,"H1"
"299",19187,"2000",24,54,44.4444444444444,84019187,"Webster County","IA",19,187,"H1"
"300",19187,"2028",16,54,29.6296296296296,84019187,"Webster County","IA",19,187,"H1"
"301",19187,"8888",14,54,25.9259259259259,84019187,"Webster County","IA",19,187,"H1"
"302",19189,"2001",12,60,20,84019189,"Winnebago County","IA",19,189,"H1"
"303",19189,"2033",24,60,40,84019189,"Winnebago County","IA",19,189,"H1"
"304",19189,"2042",24,60,40,84019189,"Winnebago County","IA",19,189,"H1"
"305",19191,"1998",4,23,17.3913043478261,84019191,"Winneshiek County","IA",19,191,"H1"
"306",19191,"2001",16,23,69.5652173913043,84019191,"Winneshiek County","IA",19,191,"H1"
"307",19191,"2027",3,23,13.0434782608696,84019191,"Winneshiek County","IA",19,191,"H1"
"308",19193,"1997",9,66,13.6363636363636,84019193,"Woodbury County","IA",19,193,"H1"
"309",19193,"1998",8,66,12.1212121212121,84019193,"Woodbury County","IA",19,193,"H1"
"310",19193,"2005",20,66,30.3030303030303,84019193,"Woodbury County","IA",19,193,"H1"
"311",19193,"2008",17,66,25.7575757575758,84019193,"Woodbury County","IA",19,193,"H1"
"312",19193,"2043",12,66,18.1818181818182,84019193,"Woodbury County","IA",19,193,"H1"
"313",19195,"2010",12,44,27.2727272727273,84019195,"Worth County","IA",19,195,"H1"
"314",19195,"2011",16,44,36.3636363636364,84019195,"Worth County","IA",19,195,"H1"
"315",19195,"8888",16,44,36.3636363636364,84019195,"Worth County","IA",19,195,"H1"
"316",19197,"2004",6,68,8.82352941176471,84019197,"Wright County","IA",19,197,"H1"
"317",19197,"2022",4,68,5.88235294117647,84019197,"Wright County","IA",19,197,"H1"
"318",19197,"2043",24,68,35.2941176470588,84019197,"Wright County","IA",19,197,"H1"
"319",19197,"2044",24,68,35.2941176470588,84019197,"Wright County","IA",19,197,"H1"
"320",19197,"8888",10,68,14.7058823529412,84019197,"Wright County","IA",19,197,"H1"
